8L5TWFUB4,Regular 1-Day Ticket (5 May)
HSPXWNJ84,Regular 1-Day Ticket (5 May)
VGT3CLFSY,Regular 1-Day Ticket (5 May)
RJFAFBG8J,Regular 1-Day Ticket (5 May)
V2RAFSK5R,Regular 1-Day Ticket (5 May)
3VX4G5GMM,Regular 1-Day Ticket (5 May)
J377DCX7M,Regular 1-Day Ticket (5 May)
T9URJH927,Regular 1-Day Ticket (5 May)
KRVLZC8B6,Regular 1-Day Ticket (5 May)
L69PH9SMC,Regular 1-Day Ticket (5 May)
EXU3F4BTV,Regular 1-Day Ticket (5 May)
LCHGWBK5A,Regular 1-Day Ticket (5 May)
P5KKG9E6F,Regular 1-Day Ticket (5 May)
JLFP7KDUV,Regular 1-Day Ticket (5 May)
K9DM8NAHZ,Regular 1-Day Ticket (5 May)
Z78F52KEH,Regular 1-Day Ticket (5 May)
L5ZRMWC9U,Regular 1-Day Ticket (5 May)
9K88H4ZT3,Regular 1-Day Ticket (5 May)
3V4JHFM3H,Regular 1-Day Ticket (5 May)
3EP7VGR2A,Regular 1-Day Ticket (5 May)
CYVR26DD4,Regular 1-Day Ticket (5 May)
L85F6PGEZ,Regular 1-Day Ticket (5 May)
EFYWY9B9G,Regular 1-Day Ticket (5 May)
7MRA35G26,Regular 1-Day Ticket (5 May)
WCZ7VVKK6,Regular 1-Day Ticket (5 May)
YHUAM9WCN,Regular 1-Day Ticket (5 May)
U8U29XUDP,Regular 1-Day Ticket (5 May)
YNW44VR2W,Regular 1-Day Ticket (5 May)
PTW7C98XE,Regular 1-Day Ticket (5 May)
D2KSJH4YU,Regular 1-Day Ticket (5 May)
G4DZEZG85,Regular 1-Day Ticket (5 May)
7T6XPLLXA,Regular 1-Day Ticket (5 May)
YY5HZB6HS,Regular 1-Day Ticket (5 May)
YVS6WF7Y5,Regular 1-Day Ticket (5 May)
GWEDX9JH3,Regular 1-Day Ticket (5 May)
A7HSJ64R8,Regular 1-Day Ticket (5 May)
FZW8VL6W9,Regular 1-Day Ticket (5 May)
KA7KMZBSU,Regular 1-Day Ticket (5 May)
BYPKKWPAK,Regular 1-Day Ticket (5 May)
N2VX9GX23,Regular 1-Day Ticket (5 May)
P5KGF5ZKU,Regular 1-Day Ticket (5 May)
VZ32J9E29,Regular 1-Day Ticket (5 May)
3KLNJUDZT,Regular 1-Day Ticket (5 May)
A5STRU7HC,Regular 1-Day Ticket (5 May)
DCHBNCDSG,Regular 1-Day Ticket (5 May)
L5NZ3M2D7,Regular 1-Day Ticket (5 May)
LBVVTGZG9,Regular 1-Day Ticket (5 May)
MCZU4Z7FT,Regular 1-Day Ticket (5 May)
YCF88HWR7,Regular 1-Day Ticket (5 May)
VYSR8RPJD,Regular 1-Day Ticket (5 May)
RNNU6SBEA,Regular 1-Day Ticket (5 May)
SWD89PHYG,Regular 1-Day Ticket (5 May)
YBXSHCDJW,Regular 1-Day Ticket (5 May)
BMNJSWTKS,Regular 1-Day Ticket (5 May)
N6HFLWSL6,Regular 1-Day Ticket (5 May)
A7J6ETKDB,Regular 1-Day Ticket (5 May)
YWXMXN3FU,Regular 1-Day Ticket (5 May)
LZM8JJFF3,Regular 1-Day Ticket (5 May)
ALX6CVPZ9,Regular 1-Day Ticket (5 May)
85VDLAVXU,Regular 1-Day Ticket (5 May)
5X8J7EPEH,Regular 1-Day Ticket (5 May)
YZMNZZ88K,Regular 1-Day Ticket (5 May)
L7YBWEDSH,Regular 1-Day Ticket (5 May)
NZ7NFJBAX,Regular 1-Day Ticket (5 May)
BT4UFF35W,Regular 1-Day Ticket (5 May)
5S8LBZ9FT,Regular 1-Day Ticket (5 May)
5RTCEFUH9,Regular 1-Day Ticket (5 May)
HBVTWTU5Y,Regular 1-Day Ticket (5 May)
254LK484P,Regular 1-Day Ticket (5 May)
G7DDNL2VH,Regular 1-Day Ticket (5 May)
B73F4TVBZ,Regular 1-Day Ticket (5 May)
SJHD75GL4,Regular 1-Day Ticket (5 May)
DSZDMAM4C,Regular 1-Day Ticket (5 May)
LJY6G5C4K,Regular 1-Day Ticket (5 May)
RP4AK7SJM,Regular 1-Day Ticket (5 May)
P785DV8WU,Regular 1-Day Ticket (5 May)
DNWGS67C5,Regular 1-Day Ticket (5 May)
ZD67EXEY7,Regular 1-Day Ticket (5 May)
WY876W5J4,Regular 1-Day Ticket (5 May)
2MF8U4VE5,Regular 1-Day Ticket (5 May)
LSNJJYU92,Regular 1-Day Ticket (5 May)
KHM4YDNVA,Regular 1-Day Ticket (5 May)
4HKFWSRHK,Regular 1-Day Ticket (5 May)
KPBKZNZ9F,Regular 1-Day Ticket (5 May)
ANTEGTLMS,Regular 1-Day Ticket (5 May)
2EAZTH3HX,Regular 1-Day Ticket (5 May)
F9CHJV5WF,Regular 1-Day Ticket (5 May)
76JY5SA95,Regular 1-Day Ticket (5 May)
F9EFR4SPK,Regular 1-Day Ticket (5 May)
7232M6VYG,Regular 1-Day Ticket (5 May)
YHCVTSRWW,Regular 1-Day Ticket (5 May)
ERTJ3VANE,Regular 1-Day Ticket (5 May)
53E5ZTJUG,Regular 1-Day Ticket (5 May)
PHT4ZWYTR,Regular 1-Day Ticket (5 May)
VT6JMYXAP,Regular 1-Day Ticket (5 May)
GLG35PTSV,Regular 1-Day Ticket (5 May)
7GJBSZFFL,Regular 1-Day Ticket (5 May)
SLUENYZH9,Regular 1-Day Ticket (5 May)
6E5WMBYDY,Regular 1-Day Ticket (5 May)
Y2VP62UKV,Regular 1-Day Ticket (5 May)
HAVJ99SJV,Regular 1-Day Ticket (5 May)
LJTZZ5UG5,Regular 1-Day Ticket (5 May)
YU68WJ92B,Regular 1-Day Ticket (5 May)
XZWHKA684,Regular 1-Day Ticket (5 May)
84HXWSWFV,Regular 1-Day Ticket (5 May)
6HN6DY32W,Regular 1-Day Ticket (5 May)
VC29TZERF,Regular 1-Day Ticket (5 May)
2CN59UKCG,Regular 1-Day Ticket (5 May)
4YA6PS4P2,Regular 1-Day Ticket (5 May)
JDYGXUV4N,Regular 1-Day Ticket (5 May)
GJ8CFLDXA,Regular 1-Day Ticket (5 May)
L8T69NYLF,Regular 1-Day Ticket (5 May)
YA8NS3WM2,Regular 1-Day Ticket (5 May)
JTSW3498L,Regular 1-Day Ticket (5 May)
D5JEZBYV7,Regular 1-Day Ticket (5 May)
T52EDWWSK,Regular 1-Day Ticket (5 May)
V5NU4EBWN,Regular 1-Day Ticket (5 May)
WDPY9PUZF,Regular 1-Day Ticket (5 May)
KPXU4J8RU,Regular 1-Day Ticket (5 May)
64563WBSV,Regular 1-Day Ticket (5 May)
PVTY4DAPZ,Regular 1-Day Ticket (5 May)
JV7YD29W8,Regular 1-Day Ticket (5 May)
4ZRF8K8WK,Regular 1-Day Ticket (5 May)
F3RCBMSAA,Regular 1-Day Ticket (5 May)
VX52DU4LL,Regular 1-Day Ticket (5 May)
6Y2WEP54T,Regular 1-Day Ticket (5 May)
M2E4XFAZR,Regular 1-Day Ticket (5 May)
8C7MYG8G9,Regular 1-Day Ticket (5 May)
A2HD4VP7K,Regular 1-Day Ticket (5 May)
GVRZMPB4E,Regular 1-Day Ticket (5 May)
298P7GP2X,Regular 1-Day Ticket (5 May)
YJDLEY7DN,Regular 1-Day Ticket (5 May)
WBMDU9T22,Regular 1-Day Ticket (5 May)
6W975Z3BJ,Regular 1-Day Ticket (5 May)
GT5C4HXGD,Regular 1-Day Ticket (5 May)
7L3H3THMG,Regular 1-Day Ticket (5 May)
FF2D2AYNA,Regular 1-Day Ticket (5 May)
8LNT8AHGH,Regular 1-Day Ticket (5 May)
9TAVFLBGW,Regular 1-Day Ticket (5 May)
FD3VWSBKE,Regular 1-Day Ticket (5 May)
2BP6MFF4J,Regular 1-Day Ticket (5 May)
N7AD82284,Regular 1-Day Ticket (5 May)
EVNZP9H9V,Regular 1-Day Ticket (5 May)
S8XFA6DUL,Regular 1-Day Ticket (5 May)
B76J2T79Z,Regular 1-Day Ticket (5 May)
452L7TTM4,Regular 1-Day Ticket (5 May)
HXSY7TVNZ,Regular 1-Day Ticket (5 May)
9438MC9Y8,Regular 1-Day Ticket (5 May)
538KXGH9X,Regular 1-Day Ticket (5 May)
BPV7FK36E,Regular 1-Day Ticket (5 May)
4GHAFR6GB,Regular 1-Day Ticket (5 May)
4XX5F43FU,Regular 1-Day Ticket (5 May)
PFUPFVF5X,Regular 1-Day Ticket (5 May)
HHFX55Z9G,Regular 1-Day Ticket (5 May)
KKW9RAGTB,Regular 1-Day Ticket (5 May)
V2W75VZ26,Regular 1-Day Ticket (5 May)
TLRLUELKH,Regular 1-Day Ticket (5 May)
T4MN56DEX,Regular 1-Day Ticket (5 May)
D5DXRFM3M,Regular 1-Day Ticket (5 May)
NBPDLSUJT,Regular 1-Day Ticket (5 May)
2KASVN3KB,Regular 1-Day Ticket (5 May)
GA5SVLCN2,Regular 1-Day Ticket (5 May)
EPWWD9C8B,Regular 1-Day Ticket (5 May)
GG5UT6G5P,Regular 1-Day Ticket (5 May)
J5Y7Y6BYM,Regular 1-Day Ticket (5 May)
T6ETKUMMM,Regular 1-Day Ticket (5 May)
5GJVTC3X8,Regular 1-Day Ticket (5 May)
J7SBNPJDP,Regular 1-Day Ticket (5 May)
YKP4NYYTL,Regular 1-Day Ticket (5 May)
ULJH5LLMU,Regular 1-Day Ticket (5 May)
7DWXH8H5T,Regular 1-Day Ticket (5 May)
P4KZ8KRCV,Regular 1-Day Ticket (5 May)
SPMCHFM95,Regular 1-Day Ticket (5 May)
W4ZBXSM6Y,Regular 1-Day Ticket (5 May)
HYM35YRHM,Regular 1-Day Ticket (5 May)
TB69ZE4KZ,Regular 1-Day Ticket (5 May)
RPGHKMBWB,Regular 1-Day Ticket (5 May)
86ZD5V782,Regular 1-Day Ticket (5 May)
BPTMCS3YX,Regular 1-Day Ticket (5 May)
2SNZ2N2MD,Regular 1-Day Ticket (5 May)
UZPUCMFH3,Regular 1-Day Ticket (5 May)
ZX54WUR57,Regular 1-Day Ticket (5 May)
D72CDUEB5,Regular 1-Day Ticket (5 May)
LVBCSEKB7,Regular 1-Day Ticket (5 May)
X95WXXWNM,Regular 1-Day Ticket (5 May)
WEJ328DXM,Regular 1-Day Ticket (5 May)
E8BKH5EZY,Regular 1-Day Ticket (5 May)
PB5LCSN3G,Regular 1-Day Ticket (5 May)
3CDF25H7M,Regular 1-Day Ticket (5 May)
J5XC9ZH49,Regular 1-Day Ticket (5 May)
4MHAPJDER,Regular 1-Day Ticket (5 May)
YDKWVAYD2,Regular 1-Day Ticket (5 May)
U62MBDMD2,Regular 1-Day Ticket (5 May)
SHXNR6ECC,Regular 1-Day Ticket (5 May)
9P4AGL3RB,Regular 1-Day Ticket (5 May)
N6U4XELS7,Regular 1-Day Ticket (5 May)
3VPAT4HYM,Regular 1-Day Ticket (5 May)
9F7VBJM89,Regular 1-Day Ticket (5 May)
2VD49BRDD,Regular 1-Day Ticket (5 May)
H8HWDSFC9,Regular 1-Day Ticket (5 May)
SWZUGACYW,Regular 1-Day Ticket (5 May)
KGC7TPDSM,Regular 1-Day Ticket (5 May)
D5PXM382D,Regular 1-Day Ticket (5 May)
XHVEEYZA4,Regular 1-Day Ticket (5 May)
GALNMKFUA,Regular 1-Day Ticket (5 May)
NSGM8G4A3,Regular 1-Day Ticket (5 May)
96MFCE4TG,Regular 1-Day Ticket (5 May)
NJ3L7Y5S6,Regular 1-Day Ticket (5 May)
XZKE2VTKM,Regular 1-Day Ticket (5 May)
EK9X34VMA,Regular 1-Day Ticket (5 May)
9965Y5RTD,Regular 1-Day Ticket (5 May)
D3MUAG2F5,Regular 1-Day Ticket (5 May)
AJHR388SX,Regular 1-Day Ticket (5 May)
TYCPW9M9H,Regular 1-Day Ticket (5 May)
7XTAE2CKP,Regular 1-Day Ticket (5 May)
6NCCSXRFZ,Regular 1-Day Ticket (5 May)
2CYZFJGMV,Regular 1-Day Ticket (5 May)
R4MRY73U5,Regular 1-Day Ticket (5 May)
HR3SJE88N,Regular 1-Day Ticket (5 May)
444XXT5GU,Regular 1-Day Ticket (5 May)
H2XY6GDHB,Regular 1-Day Ticket (5 May)
V9TNBH85P,Regular 1-Day Ticket (5 May)
BWACA9T23,Regular 1-Day Ticket (5 May)
ZF69VA5G3,Regular 1-Day Ticket (5 May)
7W5LZ5XK7,Regular 1-Day Ticket (5 May)
HMU7332ML,Regular 1-Day Ticket (5 May)
67MF4WU84,Regular 1-Day Ticket (5 May)
6JGMPWPGX,Regular 1-Day Ticket (5 May)
CWKPPLPZ7,Regular 1-Day Ticket (5 May)
5LZ6EDN2B,Regular 1-Day Ticket (5 May)
MG7H75SKU,Regular 1-Day Ticket (5 May)
M7PC4PDFP,Regular 1-Day Ticket (5 May)
DDT6FYUY5,Regular 1-Day Ticket (5 May)
KVZN29XUN,Regular 1-Day Ticket (5 May)
FDRZSXXZ4,Regular 1-Day Ticket (5 May)
4HEE9RAVS,Regular 1-Day Ticket (5 May)
WM3DZR2L8,Regular 1-Day Ticket (5 May)
DTRSGW2DT,Regular 1-Day Ticket (5 May)
6JN3ZXCWF,Regular 1-Day Ticket (5 May)
T9BUB4GFW,Regular 1-Day Ticket (5 May)
R7NZV76VE,Regular 1-Day Ticket (5 May)
T6CNKFJ9K,Regular 1-Day Ticket (5 May)
AV9YWVB8L,Regular 1-Day Ticket (5 May)
LLWG5F6YW,Regular 1-Day Ticket (5 May)
WZ3NGLM3G,Regular 1-Day Ticket (5 May)
2KFU4WTP7,Regular 1-Day Ticket (5 May)
NAFD9W46R,Regular 1-Day Ticket (5 May)
JTSRSHGPF,Regular 1-Day Ticket (5 May)
Y4EEFRG9Y,Regular 1-Day Ticket (5 May)
Z56R8KLUB,Regular 1-Day Ticket (5 May)
KRREMUSTX,Regular 1-Day Ticket (5 May)
Y7UK222UV,Regular 1-Day Ticket (5 May)
SVHARFKEZ,Regular 1-Day Ticket (5 May)
ED6SH7KCP,Regular 1-Day Ticket (5 May)
5BRB5FE8G,Regular 1-Day Ticket (5 May)
F3BGWC87K,Regular 1-Day Ticket (5 May)
AVDUGRM8C,Regular 1-Day Ticket (5 May)
WLEC9WJY7,Regular 1-Day Ticket (5 May)
A98EBMYMS,Regular 1-Day Ticket (5 May)
TWA5TUFTF,Regular 1-Day Ticket (5 May)
FPTTCWYWW,Regular 1-Day Ticket (5 May)
FVFPA2LN7,Regular 1-Day Ticket (5 May)
3RFTZCM4N,Regular 1-Day Ticket (5 May)
KWDZR6TNK,Regular 1-Day Ticket (5 May)
N9KJAK6PU,Regular 1-Day Ticket (5 May)
ANZTZ84C5,Regular 1-Day Ticket (5 May)
A4ZPRCA6P,Regular 1-Day Ticket (5 May)
DM8L9XFU3,Regular 1-Day Ticket (5 May)
S4YWSKYDN,Regular 1-Day Ticket (5 May)
SA5F9H2B4,Regular 1-Day Ticket (5 May)
8BMN5SUWY,Regular 1-Day Ticket (5 May)
CVNXDZ9VK,Regular 1-Day Ticket (5 May)
P89BDZ52K,Regular 1-Day Ticket (5 May)
5W4ZL992U,Regular 1-Day Ticket (5 May)
CVZTSDSHB,Regular 1-Day Ticket (5 May)
LN4HVGZHL,Regular 1-Day Ticket (5 May)
PC3N8A6YP,Regular 1-Day Ticket (5 May)
6HCRBEGFJ,Regular 1-Day Ticket (5 May)
CKSD2DHGH,Regular 1-Day Ticket (5 May)
TWSJ274VU,Regular 1-Day Ticket (5 May)
53YUST52J,Regular 1-Day Ticket (5 May)
VEE6S9HAH,Regular 1-Day Ticket (5 May)
VB4UVKMC8,Regular 1-Day Ticket (5 May)
HH74K8WR3,Regular 1-Day Ticket (5 May)
JWETCDF55,Regular 1-Day Ticket (5 May)
7HDU4UXXC,Regular 1-Day Ticket (5 May)
8SJC32G8M,Regular 1-Day Ticket (5 May)
N8KK45W6W,Regular 1-Day Ticket (5 May)
JFKPWJBXL,Regular 1-Day Ticket (5 May)
8JZ3HE3EB,Regular 1-Day Ticket (5 May)
84CHYXK9E,Regular 1-Day Ticket (5 May)
MEPFSLR7C,Regular 1-Day Ticket (5 May)
3GLY3WV7X,Regular 1-Day Ticket (5 May)
BW6N8FJG5,Regular 1-Day Ticket (5 May)
U6M3ASRCR,Regular 1-Day Ticket (5 May)
U5FNHMTMS,Regular 1-Day Ticket (5 May)
3BY7BCKGE,Regular 1-Day Ticket (5 May)
J6V9J9BNV,Regular 1-Day Ticket (5 May)
3L625DD8T,Regular 1-Day Ticket (5 May)
FZDPDJSAR,Regular 1-Day Ticket (5 May)
R5DELKGYM,Regular 1-Day Ticket (5 May)
DH3CMCSLY,Regular 1-Day Ticket (5 May)
7X2JVR28D,Regular 1-Day Ticket (5 May)
E3TPV78BG,Regular 1-Day Ticket (5 May)
BDUNX9TNK,Regular 1-Day Ticket (5 May)
ZUTG2KD6Z,Regular 1-Day Ticket (5 May)
7BSSFYZPV,Regular 1-Day Ticket (5 May)
S2N47H9ER,Regular 1-Day Ticket (5 May)
C8SUDK52K,Regular 1-Day Ticket (5 May)
3TWK33YP9,Regular 1-Day Ticket (5 May)
H4HE4HW77,Regular 1-Day Ticket (5 May)
HKCX4A3ZW,Regular 1-Day Ticket (5 May)
XLJASH6CE,Regular 1-Day Ticket (5 May)
WVTJSNJGT,Regular 1-Day Ticket (5 May)
HV323AZ2R,Regular 1-Day Ticket (5 May)
PDYN2Z5YR,Regular 1-Day Ticket (5 May)
FP8NGYTZ9,Regular 1-Day Ticket (5 May)
3P2L3KV4N,Regular 1-Day Ticket (5 May)
ND7PK5MRH,Regular 1-Day Ticket (5 May)
9V25X7657,Regular 1-Day Ticket (5 May)
R6TCUPRB3,Regular 1-Day Ticket (5 May)
RECW7UMJA,Regular 1-Day Ticket (5 May)
UUPMJPVZK,Regular 1-Day Ticket (5 May)
M28KGYSTX,Regular 1-Day Ticket (5 May)
8KF9D5HKD,Regular 1-Day Ticket (5 May)
8WAR8BW2U,Regular 1-Day Ticket (5 May)
R75KZVP5W,Regular 1-Day Ticket (5 May)
NTA7B8GW6,Regular 1-Day Ticket (5 May)
S5GZXAUCR,Regular 1-Day Ticket (5 May)
HNCFA2G3B,Regular 1-Day Ticket (5 May)
KYGTD6UA2,Regular 1-Day Ticket (5 May)
NSMJBMP84,Regular 1-Day Ticket (5 May)
8RNTUVXWM,Regular 1-Day Ticket (5 May)
Z7H62D452,Regular 1-Day Ticket (5 May)
U8GLPWMH3,Regular 1-Day Ticket (5 May)
H8J8HT252,Regular 1-Day Ticket (5 May)
7HFY8V23N,Regular 1-Day Ticket (5 May)
R9B7KPXWA,Regular 1-Day Ticket (5 May)
5SLKHBE22,Regular 1-Day Ticket (5 May)
893WA4T68,Regular 1-Day Ticket (5 May)
8ESZEM4FZ,Regular 1-Day Ticket (5 May)
7G2XPBUB7,Regular 1-Day Ticket (5 May)
KL982L7PL,Regular 1-Day Ticket (5 May)
ZM9UESH7W,Regular 1-Day Ticket (5 May)
JGPZK2MLV,Regular 1-Day Ticket (5 May)
4TYYKNWAP,Regular 1-Day Ticket (5 May)
PMBWTVZ44,Regular 1-Day Ticket (5 May)
YGCUP3GHP,Regular 1-Day Ticket (5 May)
PKBGRLG79,Regular 1-Day Ticket (5 May)
8SN6E47PU,Regular 1-Day Ticket (5 May)
X76BZL6VZ,Regular 1-Day Ticket (5 May)
PK3X4YW4W,Regular 1-Day Ticket (5 May)
8MHBZDLJK,Regular 1-Day Ticket (5 May)
Y48EGR2F7,Regular 1-Day Ticket (5 May)
8DSNB5M7A,Regular 1-Day Ticket (5 May)
MYBAX4YGB,Regular 1-Day Ticket (5 May)
CJ35YZADR,Regular 1-Day Ticket (5 May)
BKW239F5B,Regular 1-Day Ticket (5 May)
R6MRXJDJX,Regular 1-Day Ticket (5 May)
H49RJK2ZX,Regular 1-Day Ticket (5 May)
6GGG46BJJ,Regular 1-Day Ticket (5 May)
YMTZWRZCL,Regular 1-Day Ticket (5 May)
SW2K8TCZ9,Regular 1-Day Ticket (5 May)
JV88RBFEF,Regular 1-Day Ticket (5 May)
P4XVV87KG,Regular 1-Day Ticket (5 May)
WW3SAMU3P,Regular 1-Day Ticket (5 May)
K9KJJX8Z5,Regular 1-Day Ticket (5 May)
NRVB8DJ3G,Regular 1-Day Ticket (5 May)
GFTC8TWWJ,Regular 1-Day Ticket (5 May)
8PK4BY5SC,Regular 1-Day Ticket (5 May)
U7BTJ9927,Regular 1-Day Ticket (5 May)
2VMD3XW6G,Regular 1-Day Ticket (5 May)
7L7ZAT9B3,Regular 1-Day Ticket (5 May)
GZDGFVHMX,Regular 1-Day Ticket (5 May)
F4BVKAX2N,Regular 1-Day Ticket (5 May)
C2ZR7K3BG,Regular 1-Day Ticket (5 May)
95TSWD23R,Regular 1-Day Ticket (5 May)
HHCHJC8EA,Regular 1-Day Ticket (5 May)
ENDL9R4C5,Regular 1-Day Ticket (5 May)
96XJ8V6RP,Regular 1-Day Ticket (5 May)
KCJD7JJ4L,Regular 1-Day Ticket (5 May)
LBZ38T4X7,Regular 1-Day Ticket (5 May)
X57ETAZUM,Regular 1-Day Ticket (5 May)
EM4GZ57KE,Regular 1-Day Ticket (5 May)
3XXNTCFC5,Regular 1-Day Ticket (5 May)
LDLM4LUXZ,Regular 1-Day Ticket (5 May)
CFZPEUPE6,Regular 1-Day Ticket (5 May)
UXNXV4W27,Regular 1-Day Ticket (5 May)
P66C9PBHM,Regular 1-Day Ticket (5 May)
H4EFC8VVB,Regular 1-Day Ticket (5 May)
NJSFDA35J,Regular 1-Day Ticket (5 May)
NPBNZVBLL,Regular 1-Day Ticket (5 May)
TT3DHNH42,Regular 1-Day Ticket (5 May)
MY7LF5P46,Regular 1-Day Ticket (5 May)
HCMN83MZG,Regular 1-Day Ticket (5 May)
RKAK2T7N2,Regular 1-Day Ticket (5 May)
6FSSLE32W,Regular 1-Day Ticket (5 May)
BX4VFDENJ,Regular 1-Day Ticket (5 May)
988G34KXJ,Regular 1-Day Ticket (5 May)
SBAX9AJ8B,Regular 1-Day Ticket (5 May)
6NEGWPALT,Regular 1-Day Ticket (5 May)
DUNRZDUGF,Regular 1-Day Ticket (5 May)
HKA85JDUJ,Regular 1-Day Ticket (5 May)
9VERZ7UAC,Regular 1-Day Ticket (5 May)
L67WVASHC,Regular 1-Day Ticket (5 May)
TEZL5KV77,Regular 1-Day Ticket (5 May)
XRP5VWGMU,Regular 1-Day Ticket (5 May)
CNVAT5Z4A,Regular 1-Day Ticket (5 May)
2ZXARGBE8,Regular 1-Day Ticket (5 May)
8CXULU5PC,Regular 1-Day Ticket (5 May)
AC88XHXKF,Regular 1-Day Ticket (5 May)
EBGP7Z9Y7,Regular 1-Day Ticket (5 May)
ZDV5YPLH6,Regular 1-Day Ticket (5 May)
KAGTMZE6W,Regular 1-Day Ticket (5 May)
ZKALH5JHK,Regular 1-Day Ticket (5 May)
MULCBLBAT,Regular 1-Day Ticket (5 May)
97S4FZJ2F,Regular 1-Day Ticket (5 May)
2KV87ZS4A,Regular 1-Day Ticket (5 May)
ZVBC9CLT5,Regular 1-Day Ticket (5 May)
EXM3PJ2J8,Regular 1-Day Ticket (5 May)
V424KY88G,Regular 1-Day Ticket (5 May)
BZZ54M4ST,Regular 1-Day Ticket (5 May)
J8JKRVVPU,Regular 1-Day Ticket (5 May)
T6XDA8XJG,Regular 1-Day Ticket (5 May)
WY3735EBE,Regular 1-Day Ticket (5 May)
R2MW7ZRAB,Regular 1-Day Ticket (5 May)
C6D4YHC87,Regular 1-Day Ticket (5 May)
ADN4YV8RY,Regular 1-Day Ticket (5 May)
DEY9GKZL6,Regular 1-Day Ticket (5 May)
5UNK6RZ2K,Regular 1-Day Ticket (5 May)
GL3ALVDNG,Regular 1-Day Ticket (5 May)
8HS8JXXCT,Regular 1-Day Ticket (5 May)
KPUT98E67,Regular 1-Day Ticket (5 May)
J8M553BC7,Regular 1-Day Ticket (5 May)
LXA35BRKZ,Regular 1-Day Ticket (5 May)
WWA6SPZV7,Regular 1-Day Ticket (5 May)
YHEYAAAG2,Regular 1-Day Ticket (5 May)
MCFHDJDT8,Regular 1-Day Ticket (5 May)
F44XB3KZC,Regular 1-Day Ticket (5 May)
52LTMBWPZ,Regular 1-Day Ticket (5 May)
3H25FWE7S,Regular 1-Day Ticket (5 May)
95ZY5PEPT,Regular 1-Day Ticket (5 May)
X6JJ2FTAA,Regular 1-Day Ticket (5 May)
FHMEKUDD7,Regular 1-Day Ticket (5 May)
NFMFB866C,Regular 1-Day Ticket (5 May)
RGYAZRD25,Regular 1-Day Ticket (5 May)
WUS38GGGV,Regular 1-Day Ticket (5 May)
9YML9XN9R,Regular 1-Day Ticket (5 May)
MK2G9GT4U,Regular 1-Day Ticket (5 May)
8L8C29D9L,Regular 1-Day Ticket (5 May)
ND9GJZHHJ,Regular 1-Day Ticket (5 May)
6NN8MELVK,Regular 1-Day Ticket (5 May)
BZM58SFZK,Regular 1-Day Ticket (5 May)
KXRRC4YR6,Regular 1-Day Ticket (5 May)
AWZL5TBKD,Regular 1-Day Ticket (5 May)
Z5PJD9WZU,Regular 1-Day Ticket (5 May)
ZRNTGEZVW,Regular 1-Day Ticket (5 May)
PRSEKVRVC,Regular 1-Day Ticket (5 May)
TR8YML3GU,Regular 1-Day Ticket (5 May)
7R8WLD5YB,Regular 1-Day Ticket (5 May)
MH9PBA9WZ,Regular 1-Day Ticket (5 May)
KTT25HS8Y,Regular 1-Day Ticket (5 May)
FBJEWP4NF,Regular 1-Day Ticket (5 May)
W8NKZXJXU,Regular 1-Day Ticket (5 May)
6RCEKFW9D,Regular 1-Day Ticket (5 May)
236L36M33,Regular 1-Day Ticket (5 May)
TLG58JXJT,Regular 1-Day Ticket (5 May)
32HKYK6CF,Regular 1-Day Ticket (5 May)
UPPNWTVLL,Regular 1-Day Ticket (5 May)
5FYUNJGFA,Regular 1-Day Ticket (5 May)
4YNY82KBN,Regular 1-Day Ticket (5 May)
LRLWW83BG,Regular 1-Day Ticket (5 May)
MZJ7A2T3C,Regular 1-Day Ticket (5 May)
GB68SMLVR,Regular 1-Day Ticket (5 May)
AHXTMRV8A,Regular 1-Day Ticket (5 May)
CYL9FT4NY,Regular 1-Day Ticket (5 May)
FSAPNZTPJ,Regular 1-Day Ticket (5 May)
ARABZHX9A,Regular 1-Day Ticket (5 May)
PD996JJ4N,Regular 1-Day Ticket (5 May)
2GRNH2FVX,Regular 1-Day Ticket (5 May)
G82LS7VCL,Regular 1-Day Ticket (5 May)
UCF98ZDHE,Regular 1-Day Ticket (5 May)
STPED7SKU,Regular 1-Day Ticket (5 May)
G97XXFHKK,Regular 1-Day Ticket (5 May)
GYUW8KBF4,Regular 1-Day Ticket (5 May)
HFE6VVVVY,Regular 1-Day Ticket (5 May)
L2T8Y5S6C,Regular 1-Day Ticket (5 May)
DHLS9KAUM,Regular 1-Day Ticket (5 May)
ZX4YEW4U7,Regular 1-Day Ticket (5 May)
WWAN9BAFT,Regular 1-Day Ticket (5 May)
N3MWHEZKC,Regular 1-Day Ticket (5 May)
WFCGEPYY2,Regular 1-Day Ticket (5 May)
6AYRW9LBP,Regular 1-Day Ticket (5 May)
YL56SMEUE,Regular 1-Day Ticket (5 May)
TJCT92YXP,Regular 1-Day Ticket (5 May)
KDL5SWC7E,Regular 1-Day Ticket (5 May)
BHJNN2DWL,Regular 1-Day Ticket (5 May)
Z4MBZV4H4,Regular 1-Day Ticket (5 May)
XGLGLJFUV,Regular 1-Day Ticket (5 May)
NKTD6JNZ4,Regular 1-Day Ticket (5 May)
