TAYXLPUBD,Regular 2-Day Ticket (4-5 May)
ECKD2KT63,Regular 2-Day Ticket (4-5 May)
RSH8WFBY4,Regular 2-Day Ticket (4-5 May)
GJPCPCUHV,Regular 2-Day Ticket (4-5 May)
4ZZ9SYK4P,Regular 2-Day Ticket (4-5 May)
9WM4DDZKY,Regular 2-Day Ticket (4-5 May)
C4BDSD2PJ,Regular 2-Day Ticket (4-5 May)
P7MA33WL5,Regular 2-Day Ticket (4-5 May)
5W9P2HMCP,Regular 2-Day Ticket (4-5 May)
LCSDXJG8J,Regular 2-Day Ticket (4-5 May)
3HWEKKN2F,Regular 2-Day Ticket (4-5 May)
U2UDFRVJN,Regular 2-Day Ticket (4-5 May)
ZHAW7RXX8,Regular 2-Day Ticket (4-5 May)
B258EHGLN,Regular 2-Day Ticket (4-5 May)
HBFY75G7A,Regular 2-Day Ticket (4-5 May)
PEKKLTHCX,Regular 2-Day Ticket (4-5 May)
CF96Z232L,Regular 2-Day Ticket (4-5 May)
4AB9MBTHZ,Regular 2-Day Ticket (4-5 May)
CSPFUNYNK,Regular 2-Day Ticket (4-5 May)
3YEZK7NNH,Regular 2-Day Ticket (4-5 May)
TSW2NZZZM,Regular 2-Day Ticket (4-5 May)
23NT7DVX6,Regular 2-Day Ticket (4-5 May)
66AS4LLUL,Regular 2-Day Ticket (4-5 May)
2B2AHLLMG,Regular 2-Day Ticket (4-5 May)
YV93D4LSH,Regular 2-Day Ticket (4-5 May)
CPUXN68RT,Regular 2-Day Ticket (4-5 May)
MZ7L4F3Y6,Regular 2-Day Ticket (4-5 May)
UZJ7E5HF7,Regular 2-Day Ticket (4-5 May)
N8AHSNH4U,Regular 2-Day Ticket (4-5 May)
V4Z2GP5HV,Regular 2-Day Ticket (4-5 May)
T96YD95VW,Regular 2-Day Ticket (4-5 May)
6WTT6NS2W,Regular 2-Day Ticket (4-5 May)
2MVVNM3Y4,Regular 2-Day Ticket (4-5 May)
5ED5F6U85,Regular 2-Day Ticket (4-5 May)
CJF9HKHU3,Regular 2-Day Ticket (4-5 May)
GE3GTWL3H,Regular 2-Day Ticket (4-5 May)
6WPKG73CK,Regular 2-Day Ticket (4-5 May)
DT4AECJKL,Regular 2-Day Ticket (4-5 May)
5CNG363AJ,Regular 2-Day Ticket (4-5 May)
Z8RZDJ7PN,Regular 2-Day Ticket (4-5 May)
XPHMX5UPU,Regular 2-Day Ticket (4-5 May)
M3AB3MW7J,Regular 2-Day Ticket (4-5 May)
33UR84JYP,Regular 2-Day Ticket (4-5 May)
5WHZNX5LF,Regular 2-Day Ticket (4-5 May)
P8DZ5BEC6,Regular 2-Day Ticket (4-5 May)
A67NCWZA2,Regular 2-Day Ticket (4-5 May)
2D5GTHJY4,Regular 2-Day Ticket (4-5 May)
E2D4VUPY5,Regular 2-Day Ticket (4-5 May)
HXGUVC6VV,Regular 2-Day Ticket (4-5 May)
AK7JHSEML,Regular 2-Day Ticket (4-5 May)
UKARNN8WN,Regular 2-Day Ticket (4-5 May)
HGRMNMEPP,Regular 2-Day Ticket (4-5 May)
U2V4GC7XX,Regular 2-Day Ticket (4-5 May)
MNYTGG5HC,Regular 2-Day Ticket (4-5 May)
CC98UGTEP,Regular 2-Day Ticket (4-5 May)
LLLZ6US8P,Regular 2-Day Ticket (4-5 May)
XRFX44GSC,Regular 2-Day Ticket (4-5 May)
Z953SMFAH,Regular 2-Day Ticket (4-5 May)
RV3DKTU7M,Regular 2-Day Ticket (4-5 May)
Z4FSFCE9P,Regular 2-Day Ticket (4-5 May)
YTEMEVSJH,Regular 2-Day Ticket (4-5 May)
66JLS9JYM,Regular 2-Day Ticket (4-5 May)
C8R8FXMMV,Regular 2-Day Ticket (4-5 May)
L55NGFGD5,Regular 2-Day Ticket (4-5 May)
4Z5SKCJZS,Regular 2-Day Ticket (4-5 May)
8A4FN3NH6,Regular 2-Day Ticket (4-5 May)
SKL6XDET2,Regular 2-Day Ticket (4-5 May)
AV6S242NB,Regular 2-Day Ticket (4-5 May)
YF688JFTF,Regular 2-Day Ticket (4-5 May)
PLUF2W78J,Regular 2-Day Ticket (4-5 May)
GXNXWKE2G,Regular 2-Day Ticket (4-5 May)
G2JP34XDK,Regular 2-Day Ticket (4-5 May)
TNSVURS5V,Regular 2-Day Ticket (4-5 May)
V94R82S8E,Regular 2-Day Ticket (4-5 May)
LTFCHY5P7,Regular 2-Day Ticket (4-5 May)
X4Y5JM2RY,Regular 2-Day Ticket (4-5 May)
MC47HFLP7,Regular 2-Day Ticket (4-5 May)
986DCXC7G,Regular 2-Day Ticket (4-5 May)
G6TEE742H,Regular 2-Day Ticket (4-5 May)
4YKU663DS,Regular 2-Day Ticket (4-5 May)
WURLMN5F5,Regular 2-Day Ticket (4-5 May)
3WHD5VP8T,Regular 2-Day Ticket (4-5 May)
G4USX72G3,Regular 2-Day Ticket (4-5 May)
28GLRVNUM,Regular 2-Day Ticket (4-5 May)
VWV6G5GAZ,Regular 2-Day Ticket (4-5 May)
4W6S568VE,Regular 2-Day Ticket (4-5 May)
RVHAU6DN4,Regular 2-Day Ticket (4-5 May)
2M33NCPVN,Regular 2-Day Ticket (4-5 May)
K3EKDKJYW,Regular 2-Day Ticket (4-5 May)
FZX2TERNY,Regular 2-Day Ticket (4-5 May)
NWN6E4MHY,Regular 2-Day Ticket (4-5 May)
DCC35X7AY,Regular 2-Day Ticket (4-5 May)
9JNGWVJS8,Regular 2-Day Ticket (4-5 May)
JFZC2EL28,Regular 2-Day Ticket (4-5 May)
VHSJBRCYC,Regular 2-Day Ticket (4-5 May)
GC2YBF5GD,Regular 2-Day Ticket (4-5 May)
CKF8KKLB7,Regular 2-Day Ticket (4-5 May)
K2JS3A3UE,Regular 2-Day Ticket (4-5 May)
RZJE9BFTJ,Regular 2-Day Ticket (4-5 May)
TVAYSPZLW,Regular 2-Day Ticket (4-5 May)
P7NZ32VNE,Regular 2-Day Ticket (4-5 May)
D5GS4VJZE,Regular 2-Day Ticket (4-5 May)
BLHX7UZ6P,Regular 2-Day Ticket (4-5 May)
BBH4VX7WJ,Regular 2-Day Ticket (4-5 May)
KF6B86FVG,Regular 2-Day Ticket (4-5 May)
6MW7X37A3,Regular 2-Day Ticket (4-5 May)
8K6C5R8RW,Regular 2-Day Ticket (4-5 May)
27SFCRNYP,Regular 2-Day Ticket (4-5 May)
PJHSR9S2D,Regular 2-Day Ticket (4-5 May)
NUE5TKUMR,Regular 2-Day Ticket (4-5 May)
9A4KD58LB,Regular 2-Day Ticket (4-5 May)
MFMCHE22K,Regular 2-Day Ticket (4-5 May)
WBMDU42FR,Regular 2-Day Ticket (4-5 May)
SRXPMVHEG,Regular 2-Day Ticket (4-5 May)
BWM33W4HT,Regular 2-Day Ticket (4-5 May)
CZVLRVPD7,Regular 2-Day Ticket (4-5 May)
PWJZ9YD7C,Regular 2-Day Ticket (4-5 May)
265MF9HTA,Regular 2-Day Ticket (4-5 May)
TU64EYSK8,Regular 2-Day Ticket (4-5 May)
PHDT5SG6E,Regular 2-Day Ticket (4-5 May)
SGFDEP2MW,Regular 2-Day Ticket (4-5 May)
DP2KSVLW2,Regular 2-Day Ticket (4-5 May)
3BXB8FPYJ,Regular 2-Day Ticket (4-5 May)
5DFAT3B7X,Regular 2-Day Ticket (4-5 May)
P22BXKUJC,Regular 2-Day Ticket (4-5 May)
LD994XPYB,Regular 2-Day Ticket (4-5 May)
RKREJ5F47,Regular 2-Day Ticket (4-5 May)
GWW3NPF4U,Regular 2-Day Ticket (4-5 May)
GD5C5NVCW,Regular 2-Day Ticket (4-5 May)
VSEPHVJLW,Regular 2-Day Ticket (4-5 May)
HF7LJJBCU,Regular 2-Day Ticket (4-5 May)
UZR8CWW33,Regular 2-Day Ticket (4-5 May)
K4S7D2NH2,Regular 2-Day Ticket (4-5 May)
VXWPAZE33,Regular 2-Day Ticket (4-5 May)
765NN5NZ9,Regular 2-Day Ticket (4-5 May)
4AMYTBTJD,Regular 2-Day Ticket (4-5 May)
GU5MLFSXA,Regular 2-Day Ticket (4-5 May)
PMRBRBEKV,Regular 2-Day Ticket (4-5 May)
VYE5SBCJ8,Regular 2-Day Ticket (4-5 May)
F8CAGFCA7,Regular 2-Day Ticket (4-5 May)
4M2R5JZJ6,Regular 2-Day Ticket (4-5 May)
XTHK86DGC,Regular 2-Day Ticket (4-5 May)
BPP8NZGG2,Regular 2-Day Ticket (4-5 May)
9CE52UPC8,Regular 2-Day Ticket (4-5 May)
UYM4ZEYZE,Regular 2-Day Ticket (4-5 May)
AVVC8WEZU,Regular 2-Day Ticket (4-5 May)
V7VFTG6YE,Regular 2-Day Ticket (4-5 May)
SCNFDYLA3,Regular 2-Day Ticket (4-5 May)
3MCZDBM6A,Regular 2-Day Ticket (4-5 May)
EWEWDCX3M,Regular 2-Day Ticket (4-5 May)
ELPVZDEUA,Regular 2-Day Ticket (4-5 May)
U9HB5C42X,Regular 2-Day Ticket (4-5 May)
KV6RT5JM2,Regular 2-Day Ticket (4-5 May)
8TMH34CZB,Regular 2-Day Ticket (4-5 May)
BM9WC6LR3,Regular 2-Day Ticket (4-5 May)
FSKBHASYJ,Regular 2-Day Ticket (4-5 May)
LC4F57ERN,Regular 2-Day Ticket (4-5 May)
27MEX38YM,Regular 2-Day Ticket (4-5 May)
K6DTT3TBW,Regular 2-Day Ticket (4-5 May)
VJDE33F4B,Regular 2-Day Ticket (4-5 May)
REHPXUAWX,Regular 2-Day Ticket (4-5 May)
8TCDHV6NY,Regular 2-Day Ticket (4-5 May)
XMTXKP96Y,Regular 2-Day Ticket (4-5 May)
523GLLSBD,Regular 2-Day Ticket (4-5 May)
MZY5ATLJ5,Regular 2-Day Ticket (4-5 May)
XFLYR36L6,Regular 2-Day Ticket (4-5 May)
9M8C52SHB,Regular 2-Day Ticket (4-5 May)
HZH8LS7AV,Regular 2-Day Ticket (4-5 May)
4KSBLJFHZ,Regular 2-Day Ticket (4-5 May)
NCUJ9SVLJ,Regular 2-Day Ticket (4-5 May)
EARVLW4YZ,Regular 2-Day Ticket (4-5 May)
VKJE3YVD7,Regular 2-Day Ticket (4-5 May)
SVU4JWNCX,Regular 2-Day Ticket (4-5 May)
G6BG2AEK5,Regular 2-Day Ticket (4-5 May)
PGFUXLL9U,Regular 2-Day Ticket (4-5 May)
92SFAP6SV,Regular 2-Day Ticket (4-5 May)
D2YKMKC8W,Regular 2-Day Ticket (4-5 May)
PK9ALCG9A,Regular 2-Day Ticket (4-5 May)
V7YS6R846,Regular 2-Day Ticket (4-5 May)
VLEWCZ3LF,Regular 2-Day Ticket (4-5 May)
GT4MYCF2A,Regular 2-Day Ticket (4-5 May)
RNKJUHXGM,Regular 2-Day Ticket (4-5 May)
6248ZLXSZ,Regular 2-Day Ticket (4-5 May)
ND3PXDJPA,Regular 2-Day Ticket (4-5 May)
W8LGUEEYE,Regular 2-Day Ticket (4-5 May)
KW7BK4VT6,Regular 2-Day Ticket (4-5 May)
3L4NM9N99,Regular 2-Day Ticket (4-5 May)
C29UX46T2,Regular 2-Day Ticket (4-5 May)
3NR49VB4X,Regular 2-Day Ticket (4-5 May)
8BAR3PME5,Regular 2-Day Ticket (4-5 May)
9P8XERSSG,Regular 2-Day Ticket (4-5 May)
MZAKCCWMN,Regular 2-Day Ticket (4-5 May)
T5V48Z7DY,Regular 2-Day Ticket (4-5 May)
NBW2XFVST,Regular 2-Day Ticket (4-5 May)
792C9VGGS,Regular 2-Day Ticket (4-5 May)
FV9CU9WBT,Regular 2-Day Ticket (4-5 May)
VGUM8GZS4,Regular 2-Day Ticket (4-5 May)
9292N9RYY,Regular 2-Day Ticket (4-5 May)
NVBVKHSUM,Regular 2-Day Ticket (4-5 May)
TLE5ZNFV2,Regular 2-Day Ticket (4-5 May)
RLSTSSX4V,Regular 2-Day Ticket (4-5 May)
ANJVWWJU9,Regular 2-Day Ticket (4-5 May)
XT2CZHL37,Regular 2-Day Ticket (4-5 May)
4RAGPK7MD,Regular 2-Day Ticket (4-5 May)
599PB4BGP,Regular 2-Day Ticket (4-5 May)
4T5E7ZWVF,Regular 2-Day Ticket (4-5 May)
VC66B63K3,Regular 2-Day Ticket (4-5 May)
J5KADJ2EE,Regular 2-Day Ticket (4-5 May)
5SSCYRZGY,Regular 2-Day Ticket (4-5 May)
8M532J7PV,Regular 2-Day Ticket (4-5 May)
SY9DGF8P7,Regular 2-Day Ticket (4-5 May)
G89PV6GNU,Regular 2-Day Ticket (4-5 May)
GFMMRJ9LB,Regular 2-Day Ticket (4-5 May)
VA2R4J9DJ,Regular 2-Day Ticket (4-5 May)
2F4DHV93V,Regular 2-Day Ticket (4-5 May)
VF844EM4N,Regular 2-Day Ticket (4-5 May)
BHA3NGZDA,Regular 2-Day Ticket (4-5 May)
2A69P64Y6,Regular 2-Day Ticket (4-5 May)
LGFGBNTSU,Regular 2-Day Ticket (4-5 May)
KLJENSD7T,Regular 2-Day Ticket (4-5 May)
JU3VMGL2M,Regular 2-Day Ticket (4-5 May)
Y3HE9VD7G,Regular 2-Day Ticket (4-5 May)
ZJ74ATV63,Regular 2-Day Ticket (4-5 May)
858PAWY5Y,Regular 2-Day Ticket (4-5 May)
PZ7EVCGJZ,Regular 2-Day Ticket (4-5 May)
L6V3XG2VX,Regular 2-Day Ticket (4-5 May)
BLPWAKJS5,Regular 2-Day Ticket (4-5 May)
S3ZRL6RVG,Regular 2-Day Ticket (4-5 May)
V4LKBU3GL,Regular 2-Day Ticket (4-5 May)
6YSCBTS7E,Regular 2-Day Ticket (4-5 May)
UMXNWSU8T,Regular 2-Day Ticket (4-5 May)
EFYSULP8U,Regular 2-Day Ticket (4-5 May)
JSUMCMED9,Regular 2-Day Ticket (4-5 May)
7MBY3SC9D,Regular 2-Day Ticket (4-5 May)
PGHG93U94,Regular 2-Day Ticket (4-5 May)
7LA5V2ELY,Regular 2-Day Ticket (4-5 May)
C2VTE7GFF,Regular 2-Day Ticket (4-5 May)
XDTERFMKU,Regular 2-Day Ticket (4-5 May)
GMBVR5R4N,Regular 2-Day Ticket (4-5 May)
S7L7LZXJ3,Regular 2-Day Ticket (4-5 May)
HAXYCVJL7,Regular 2-Day Ticket (4-5 May)
L8DGHVP3W,Regular 2-Day Ticket (4-5 May)
M5XZ2FBKM,Regular 2-Day Ticket (4-5 May)
6843Z3F85,Regular 2-Day Ticket (4-5 May)
4Z7GVDYAD,Regular 2-Day Ticket (4-5 May)
HYP57YZW9,Regular 2-Day Ticket (4-5 May)
G5AY6N854,Regular 2-Day Ticket (4-5 May)
6FWD3C7BF,Regular 2-Day Ticket (4-5 May)
X2CN9MRFU,Regular 2-Day Ticket (4-5 May)
AB4YWX4MM,Regular 2-Day Ticket (4-5 May)
GX2YLFP7B,Regular 2-Day Ticket (4-5 May)
DJ67KDPFG,Regular 2-Day Ticket (4-5 May)
PLBZ7ARJR,Regular 2-Day Ticket (4-5 May)
EMYSGYLSB,Regular 2-Day Ticket (4-5 May)
8P3N45Y5G,Regular 2-Day Ticket (4-5 May)
86GWY98ET,Regular 2-Day Ticket (4-5 May)
7CVHVZHJG,Regular 2-Day Ticket (4-5 May)
Z98M4R2Y6,Regular 2-Day Ticket (4-5 May)
AS63SM5NS,Regular 2-Day Ticket (4-5 May)
DZLZ9MNM9,Regular 2-Day Ticket (4-5 May)
L244X2CSG,Regular 2-Day Ticket (4-5 May)
DWEA6Z34S,Regular 2-Day Ticket (4-5 May)
3XYYPPAB2,Regular 2-Day Ticket (4-5 May)
RMYSPM8C5,Regular 2-Day Ticket (4-5 May)
Y6RKH75VB,Regular 2-Day Ticket (4-5 May)
E4CTGLHDU,Regular 2-Day Ticket (4-5 May)
2CC66DNCJ,Regular 2-Day Ticket (4-5 May)
KRXX9BKKC,Regular 2-Day Ticket (4-5 May)
74KP5AGHP,Regular 2-Day Ticket (4-5 May)
ZE8MDF6BU,Regular 2-Day Ticket (4-5 May)
FJ8AM26TW,Regular 2-Day Ticket (4-5 May)
FPP7US4WP,Regular 2-Day Ticket (4-5 May)
YDZ46Y2SY,Regular 2-Day Ticket (4-5 May)
HX3CHJSTM,Regular 2-Day Ticket (4-5 May)
TGSMN7VCM,Regular 2-Day Ticket (4-5 May)
NDDVCCRS5,Regular 2-Day Ticket (4-5 May)
YD6JW455A,Regular 2-Day Ticket (4-5 May)
L7T5WPA7B,Regular 2-Day Ticket (4-5 May)
D3YYL5EMF,Regular 2-Day Ticket (4-5 May)
YAPDK6Y38,Regular 2-Day Ticket (4-5 May)
4CYC2BAMB,Regular 2-Day Ticket (4-5 May)
RFV9MR26N,Regular 2-Day Ticket (4-5 May)
3P95XPZUK,Regular 2-Day Ticket (4-5 May)
E8V4CPMNR,Regular 2-Day Ticket (4-5 May)
7DBB4AYEB,Regular 2-Day Ticket (4-5 May)
KG42ZU8UM,Regular 2-Day Ticket (4-5 May)
SRXXN8F8R,Regular 2-Day Ticket (4-5 May)
DDH74T9HE,Regular 2-Day Ticket (4-5 May)
XCC8XA9NC,Regular 2-Day Ticket (4-5 May)
N8MXRA2M4,Regular 2-Day Ticket (4-5 May)
K3BXUEBDV,Regular 2-Day Ticket (4-5 May)
3TZPML9XH,Regular 2-Day Ticket (4-5 May)
SFEWHE44T,Regular 2-Day Ticket (4-5 May)
UGA95L6BS,Regular 2-Day Ticket (4-5 May)
YBPUZTE6S,Regular 2-Day Ticket (4-5 May)
6GNDH3AU4,Regular 2-Day Ticket (4-5 May)
LCBNJRKF3,Regular 2-Day Ticket (4-5 May)
B5U5GRHLN,Regular 2-Day Ticket (4-5 May)
H3ARVY2T7,Regular 2-Day Ticket (4-5 May)
XPHKXTUT8,Regular 2-Day Ticket (4-5 May)
B2R8TWFL6,Regular 2-Day Ticket (4-5 May)
Y3SB94ACM,Regular 2-Day Ticket (4-5 May)
UHAKAV82G,Regular 2-Day Ticket (4-5 May)
7XMCA24J7,Regular 2-Day Ticket (4-5 May)
AEKGDR57E,Regular 2-Day Ticket (4-5 May)
7C8WJSY5Z,Regular 2-Day Ticket (4-5 May)
V83J8LPNV,Regular 2-Day Ticket (4-5 May)
LR7YR5YKT,Regular 2-Day Ticket (4-5 May)
EKSJ9RPB3,Regular 2-Day Ticket (4-5 May)
9A775BJMJ,Regular 2-Day Ticket (4-5 May)
PUN5A5DW3,Regular 2-Day Ticket (4-5 May)
VWTXSSZLM,Regular 2-Day Ticket (4-5 May)
TBGW3PM5W,Regular 2-Day Ticket (4-5 May)
R5YKPXMDU,Regular 2-Day Ticket (4-5 May)
BJKPXB3XM,Regular 2-Day Ticket (4-5 May)
4JDN8FTDD,Regular 2-Day Ticket (4-5 May)
T8PXZBFZE,Regular 2-Day Ticket (4-5 May)
F5JL29BSU,Regular 2-Day Ticket (4-5 May)
LFHLCGA3E,Regular 2-Day Ticket (4-5 May)
JN9YWZ33G,Regular 2-Day Ticket (4-5 May)
AESF6W47S,Regular 2-Day Ticket (4-5 May)
JB6H6NMG3,Regular 2-Day Ticket (4-5 May)
UY6LUW99L,Regular 2-Day Ticket (4-5 May)
CEHMC98YS,Regular 2-Day Ticket (4-5 May)
DFULYXBFZ,Regular 2-Day Ticket (4-5 May)
7E685J7CE,Regular 2-Day Ticket (4-5 May)
TURZ2FLHA,Regular 2-Day Ticket (4-5 May)
8YT7WYBL9,Regular 2-Day Ticket (4-5 May)
Y6GZANX97,Regular 2-Day Ticket (4-5 May)
XUG2B8FA9,Regular 2-Day Ticket (4-5 May)
HSL6JHY7R,Regular 2-Day Ticket (4-5 May)
8F8F8FX2K,Regular 2-Day Ticket (4-5 May)
JFEHSUURW,Regular 2-Day Ticket (4-5 May)
K8BV8MYCF,Regular 2-Day Ticket (4-5 May)
X2TVW8C2P,Regular 2-Day Ticket (4-5 May)
5V4VAC6ZV,Regular 2-Day Ticket (4-5 May)
KV3MLX3FC,Regular 2-Day Ticket (4-5 May)
ZSKF3X585,Regular 2-Day Ticket (4-5 May)
75XRCJ8LY,Regular 2-Day Ticket (4-5 May)
S4UFFWVEY,Regular 2-Day Ticket (4-5 May)
SE5CKPUVL,Regular 2-Day Ticket (4-5 May)
59EUTXG5R,Regular 2-Day Ticket (4-5 May)
FMD72H4LK,Regular 2-Day Ticket (4-5 May)
HENDNUCNR,Regular 2-Day Ticket (4-5 May)
RTV2CBDNE,Regular 2-Day Ticket (4-5 May)
D6KSS26G4,Regular 2-Day Ticket (4-5 May)
D9BHLC2GE,Regular 2-Day Ticket (4-5 May)
CJCZPTXHZ,Regular 2-Day Ticket (4-5 May)
AKZWHL8ZB,Regular 2-Day Ticket (4-5 May)
BHA3CW7E6,Regular 2-Day Ticket (4-5 May)
RCNP6NXNF,Regular 2-Day Ticket (4-5 May)
D24BCGTC2,Regular 2-Day Ticket (4-5 May)
HJNAXMJZU,Regular 2-Day Ticket (4-5 May)
XSUVPSARD,Regular 2-Day Ticket (4-5 May)
XBCLXLHWX,Regular 2-Day Ticket (4-5 May)
H3EPLYVXR,Regular 2-Day Ticket (4-5 May)
F7AVG452F,Regular 2-Day Ticket (4-5 May)
ZBWJ8BZAH,Regular 2-Day Ticket (4-5 May)
A9EHDPBAA,Regular 2-Day Ticket (4-5 May)
DXHVMCMFX,Regular 2-Day Ticket (4-5 May)
ASG9TZ2GH,Regular 2-Day Ticket (4-5 May)
HR4N5WWBR,Regular 2-Day Ticket (4-5 May)
FXL6N5GXB,Regular 2-Day Ticket (4-5 May)
ANXFFSMH5,Regular 2-Day Ticket (4-5 May)
VU5CVSTBA,Regular 2-Day Ticket (4-5 May)
Z5HRDM56U,Regular 2-Day Ticket (4-5 May)
77AVPSUFB,Regular 2-Day Ticket (4-5 May)
N6MZZ43YV,Regular 2-Day Ticket (4-5 May)
6YRGKTJ3C,Regular 2-Day Ticket (4-5 May)
P63LAVHJG,Regular 2-Day Ticket (4-5 May)
BL8TPJSNL,Regular 2-Day Ticket (4-5 May)
5ND34KCMV,Regular 2-Day Ticket (4-5 May)
7GFSU5NRW,Regular 2-Day Ticket (4-5 May)
55KVKCPLB,Regular 2-Day Ticket (4-5 May)
T8LRGWSKC,Regular 2-Day Ticket (4-5 May)
TVD9FEY2A,Regular 2-Day Ticket (4-5 May)
VX9W588G5,Regular 2-Day Ticket (4-5 May)
P88L3RR84,Regular 2-Day Ticket (4-5 May)
9VRM359MM,Regular 2-Day Ticket (4-5 May)
A7XHE8JCR,Regular 2-Day Ticket (4-5 May)
XUJJEBEJE,Regular 2-Day Ticket (4-5 May)
B36BKF276,Regular 2-Day Ticket (4-5 May)
LFSYHE3ZV,Regular 2-Day Ticket (4-5 May)
VTUZ5JJY4,Regular 2-Day Ticket (4-5 May)
VBWS2HPTX,Regular 2-Day Ticket (4-5 May)
4R77CT47R,Regular 2-Day Ticket (4-5 May)
DRRYS895L,Regular 2-Day Ticket (4-5 May)
ELZHF6YTE,Regular 2-Day Ticket (4-5 May)
26SHNAAP9,Regular 2-Day Ticket (4-5 May)
9WPRC4PHZ,Regular 2-Day Ticket (4-5 May)
KUTZX34JC,Regular 2-Day Ticket (4-5 May)
PEAKWPY24,Regular 2-Day Ticket (4-5 May)
VCYDHP5UF,Regular 2-Day Ticket (4-5 May)
2M4VD3YU9,Regular 2-Day Ticket (4-5 May)
HZBD2V5BB,Regular 2-Day Ticket (4-5 May)
YCW9SMPEG,Regular 2-Day Ticket (4-5 May)
YGJWU87A2,Regular 2-Day Ticket (4-5 May)
2SLBPRCUT,Regular 2-Day Ticket (4-5 May)
DL57SHDY5,Regular 2-Day Ticket (4-5 May)
WKVZ2SFTZ,Regular 2-Day Ticket (4-5 May)
MB9C53U97,Regular 2-Day Ticket (4-5 May)
PFR2H7CT7,Regular 2-Day Ticket (4-5 May)
9FRWSWVRK,Regular 2-Day Ticket (4-5 May)
YL9K2ZRGN,Regular 2-Day Ticket (4-5 May)
5RXGMNH8X,Regular 2-Day Ticket (4-5 May)
4LP7PBAS8,Regular 2-Day Ticket (4-5 May)
4VNT5696M,Regular 2-Day Ticket (4-5 May)
YTNV87VPB,Regular 2-Day Ticket (4-5 May)
CW9S84SUX,Regular 2-Day Ticket (4-5 May)
W7G9JMV52,Regular 2-Day Ticket (4-5 May)
9KMRCSZX8,Regular 2-Day Ticket (4-5 May)
3D6TLL3BY,Regular 2-Day Ticket (4-5 May)
P8J7JL96R,Regular 2-Day Ticket (4-5 May)
9FK24MZF2,Regular 2-Day Ticket (4-5 May)
GXW9UMVZZ,Regular 2-Day Ticket (4-5 May)
K6E5VFNBG,Regular 2-Day Ticket (4-5 May)
66F9XD6BY,Regular 2-Day Ticket (4-5 May)
36PYJUEXH,Regular 2-Day Ticket (4-5 May)
CWH8DFGUC,Regular 2-Day Ticket (4-5 May)
9XKBC8WHH,Regular 2-Day Ticket (4-5 May)
EHCDENE39,Regular 2-Day Ticket (4-5 May)
UVAY4MWF4,Regular 2-Day Ticket (4-5 May)
MU2VP7X8G,Regular 2-Day Ticket (4-5 May)
R3KJX9HSS,Regular 2-Day Ticket (4-5 May)
EHBUYYYED,Regular 2-Day Ticket (4-5 May)
FK42YVBGU,Regular 2-Day Ticket (4-5 May)
NSMBP25U4,Regular 2-Day Ticket (4-5 May)
RLJ78EBR7,Regular 2-Day Ticket (4-5 May)
EJ454PJW4,Regular 2-Day Ticket (4-5 May)
N38JWFE2U,Regular 2-Day Ticket (4-5 May)
S4HCTSNA5,Regular 2-Day Ticket (4-5 May)
6AN827PKW,Regular 2-Day Ticket (4-5 May)
NT6SBF9D7,Regular 2-Day Ticket (4-5 May)
9CTZJ36NT,Regular 2-Day Ticket (4-5 May)
LAULVGSU3,Regular 2-Day Ticket (4-5 May)
EYT7PGX7P,Regular 2-Day Ticket (4-5 May)
DMK3Y8UCY,Regular 2-Day Ticket (4-5 May)
F87MXNEJA,Regular 2-Day Ticket (4-5 May)
75JDS7VDN,Regular 2-Day Ticket (4-5 May)
DTGK6E8EV,Regular 2-Day Ticket (4-5 May)
E2Z4PG3KK,Regular 2-Day Ticket (4-5 May)
KEZVL3GMV,Regular 2-Day Ticket (4-5 May)
EL5MU9PFL,Regular 2-Day Ticket (4-5 May)
H6CGEB8U8,Regular 2-Day Ticket (4-5 May)
XZ7CJKXE5,Regular 2-Day Ticket (4-5 May)
STR5VY73A,Regular 2-Day Ticket (4-5 May)
ZMF7L4DPT,Regular 2-Day Ticket (4-5 May)
4U94HVRWM,Regular 2-Day Ticket (4-5 May)
MSVAJCN7W,Regular 2-Day Ticket (4-5 May)
H2BVJZEPS,Regular 2-Day Ticket (4-5 May)
8VKHSB7GX,Regular 2-Day Ticket (4-5 May)
UZNZEGD7C,Regular 2-Day Ticket (4-5 May)
9G5WM4ENS,Regular 2-Day Ticket (4-5 May)
39G29DDK3,Regular 2-Day Ticket (4-5 May)
7R74RHSAY,Regular 2-Day Ticket (4-5 May)
SXP5YJUJR,Regular 2-Day Ticket (4-5 May)
68ENZYXNB,Regular 2-Day Ticket (4-5 May)
R49SU88MH,Regular 2-Day Ticket (4-5 May)
K72PUL9BY,Regular 2-Day Ticket (4-5 May)
HR9G575N8,Regular 2-Day Ticket (4-5 May)
KSYU989WU,Regular 2-Day Ticket (4-5 May)
FJ4LXEVEN,Regular 2-Day Ticket (4-5 May)
MJ2FXT86P,Regular 2-Day Ticket (4-5 May)
CVRB9D8UR,Regular 2-Day Ticket (4-5 May)
C4ZG4ZB7E,Regular 2-Day Ticket (4-5 May)
B2DXM9JJ8,Regular 2-Day Ticket (4-5 May)
94NZEC9YG,Regular 2-Day Ticket (4-5 May)
PKG9ARYUL,Regular 2-Day Ticket (4-5 May)
CWWTJME4S,Regular 2-Day Ticket (4-5 May)
Z56HAXJ6U,Regular 2-Day Ticket (4-5 May)
VN2MPPY7N,Regular 2-Day Ticket (4-5 May)
VF4J5WRVG,Regular 2-Day Ticket (4-5 May)
LWTM7Z722,Regular 2-Day Ticket (4-5 May)
XRPLZ4AJ7,Regular 2-Day Ticket (4-5 May)
WTJ6VHTSA,Regular 2-Day Ticket (4-5 May)
TVG2DPJH6,Regular 2-Day Ticket (4-5 May)
Y5RFS7RDF,Regular 2-Day Ticket (4-5 May)
ADCEHPRTR,Regular 2-Day Ticket (4-5 May)
EVAADC4YH,Regular 2-Day Ticket (4-5 May)
9J28S7LXD,Regular 2-Day Ticket (4-5 May)
W5AUD8J57,Regular 2-Day Ticket (4-5 May)
6H5Y4AMH4,Regular 2-Day Ticket (4-5 May)
6PXC5N855,Regular 2-Day Ticket (4-5 May)
86AU3THV8,Regular 2-Day Ticket (4-5 May)
JSGDTSUD5,Regular 2-Day Ticket (4-5 May)
RFRKH4DBA,Regular 2-Day Ticket (4-5 May)
M5JG7XNGJ,Regular 2-Day Ticket (4-5 May)
D766SSCSK,Regular 2-Day Ticket (4-5 May)
XBVWXA3SA,Regular 2-Day Ticket (4-5 May)
9KHHJ9U3G,Regular 2-Day Ticket (4-5 May)
U6RT6S6Y7,Regular 2-Day Ticket (4-5 May)
6HR22TL8F,Regular 2-Day Ticket (4-5 May)
68V7FYG3Y,Regular 2-Day Ticket (4-5 May)
A9RP5UNJH,Regular 2-Day Ticket (4-5 May)
JYLVBSPUC,Regular 2-Day Ticket (4-5 May)
RNVAEVHXK,Regular 2-Day Ticket (4-5 May)
DG353L9GL,Regular 2-Day Ticket (4-5 May)
KH3W5WXES,Regular 2-Day Ticket (4-5 May)
UX8NZVHNG,Regular 2-Day Ticket (4-5 May)
HXWJ6K94X,Regular 2-Day Ticket (4-5 May)
