Z5Y3EWXWF,Regular 1-Day Ticket (4 May)
HY9AFZEKE,Regular 1-Day Ticket (4 May)
8U748Y9P5,Regular 1-Day Ticket (4 May)
TFLDNSSCJ,Regular 1-Day Ticket (4 May)
APYBU7E4V,Regular 1-Day Ticket (4 May)
T5R5CY7TU,Regular 1-Day Ticket (4 May)
W6NJVTMZH,Regular 1-Day Ticket (4 May)
3PC65JK5F,Regular 1-Day Ticket (4 May)
TZ6PJNX2G,Regular 1-Day Ticket (4 May)
PGF6M47WG,Regular 1-Day Ticket (4 May)
XMY8HH673,Regular 1-Day Ticket (4 May)
UHG34GGTU,Regular 1-Day Ticket (4 May)
JHDETACRJ,Regular 1-Day Ticket (4 May)
2NYUSUHUX,Regular 1-Day Ticket (4 May)
LBJEJH9BL,Regular 1-Day Ticket (4 May)
34V5NACMM,Regular 1-Day Ticket (4 May)
9PLS8ALSP,Regular 1-Day Ticket (4 May)
AA8ZMRRZ6,Regular 1-Day Ticket (4 May)
57UX745KS,Regular 1-Day Ticket (4 May)
VJNSUH4XP,Regular 1-Day Ticket (4 May)
AB2YMHEGR,Regular 1-Day Ticket (4 May)
AWHUUFXAT,Regular 1-Day Ticket (4 May)
J399688XP,Regular 1-Day Ticket (4 May)
WU5DSU8L7,Regular 1-Day Ticket (4 May)
J9CV8V87M,Regular 1-Day Ticket (4 May)
ED3ZH66PY,Regular 1-Day Ticket (4 May)
WT49XP2WB,Regular 1-Day Ticket (4 May)
H5FDAHLG3,Regular 1-Day Ticket (4 May)
TND746HLX,Regular 1-Day Ticket (4 May)
NYFY22X8C,Regular 1-Day Ticket (4 May)
CH78MAULM,Regular 1-Day Ticket (4 May)
9G3YPABCD,Regular 1-Day Ticket (4 May)
KTR3GENCY,Regular 1-Day Ticket (4 May)
L76DMCT4H,Regular 1-Day Ticket (4 May)
3L6X88744,Regular 1-Day Ticket (4 May)
KMGMHL6K9,Regular 1-Day Ticket (4 May)
S3LXMEWVK,Regular 1-Day Ticket (4 May)
VK7JMV3MU,Regular 1-Day Ticket (4 May)
TKGR4BE9V,Regular 1-Day Ticket (4 May)
CAWNNHLR9,Regular 1-Day Ticket (4 May)
52WK4S6DG,Regular 1-Day Ticket (4 May)
TRPJU8PTM,Regular 1-Day Ticket (4 May)
9WVMLRC39,Regular 1-Day Ticket (4 May)
X9F6RLEMH,Regular 1-Day Ticket (4 May)
Y9GBA6NJJ,Regular 1-Day Ticket (4 May)
7M37X54BK,Regular 1-Day Ticket (4 May)
HTF2STJKF,Regular 1-Day Ticket (4 May)
X69EG99FB,Regular 1-Day Ticket (4 May)
E3V5SH852,Regular 1-Day Ticket (4 May)
Y25CW2GHK,Regular 1-Day Ticket (4 May)
366U5MFB2,Regular 1-Day Ticket (4 May)
279N52SES,Regular 1-Day Ticket (4 May)
SDVJD35X6,Regular 1-Day Ticket (4 May)
24DYK5FVP,Regular 1-Day Ticket (4 May)
Z4JZJ3BX7,Regular 1-Day Ticket (4 May)
5PUWLELNH,Regular 1-Day Ticket (4 May)
GRG8WG7EP,Regular 1-Day Ticket (4 May)
FM77FM8HU,Regular 1-Day Ticket (4 May)
B59H36ZK5,Regular 1-Day Ticket (4 May)
SPH72XHV6,Regular 1-Day Ticket (4 May)
ET7A3ZGKP,Regular 1-Day Ticket (4 May)
3V2C3GRD2,Regular 1-Day Ticket (4 May)
PGNFZ6YUA,Regular 1-Day Ticket (4 May)
W637BZGMX,Regular 1-Day Ticket (4 May)
HAEYUBYAP,Regular 1-Day Ticket (4 May)
HZX86JFCG,Regular 1-Day Ticket (4 May)
T7EA8Z7GF,Regular 1-Day Ticket (4 May)
RABNATMNG,Regular 1-Day Ticket (4 May)
CP94ND5FK,Regular 1-Day Ticket (4 May)
H5DSFJKYB,Regular 1-Day Ticket (4 May)
7DG4SAAVW,Regular 1-Day Ticket (4 May)
SXN9X3A49,Regular 1-Day Ticket (4 May)
NME7DKMYW,Regular 1-Day Ticket (4 May)
JEP6EFVA6,Regular 1-Day Ticket (4 May)
HHNJC6ESF,Regular 1-Day Ticket (4 May)
3B25WUMEB,Regular 1-Day Ticket (4 May)
ZNBUV6RB3,Regular 1-Day Ticket (4 May)
RK9T8BC48,Regular 1-Day Ticket (4 May)
KBFEKVJJP,Regular 1-Day Ticket (4 May)
PW4L8HGWB,Regular 1-Day Ticket (4 May)
GY46WLYVY,Regular 1-Day Ticket (4 May)
RLM93SNYB,Regular 1-Day Ticket (4 May)
E75N8ST63,Regular 1-Day Ticket (4 May)
R58855Z85,Regular 1-Day Ticket (4 May)
FSU3G7Z9M,Regular 1-Day Ticket (4 May)
7V47AACZ2,Regular 1-Day Ticket (4 May)
A8UR3NLPF,Regular 1-Day Ticket (4 May)
ALCE5YSUJ,Regular 1-Day Ticket (4 May)
L6GBPHTBU,Regular 1-Day Ticket (4 May)
RNBNE4DPL,Regular 1-Day Ticket (4 May)
UK667BTKP,Regular 1-Day Ticket (4 May)
ZG9L9YFJ3,Regular 1-Day Ticket (4 May)
X2WCMH2N5,Regular 1-Day Ticket (4 May)
75ZVG7B29,Regular 1-Day Ticket (4 May)
T5HMCBD53,Regular 1-Day Ticket (4 May)
WPRM8BRJ5,Regular 1-Day Ticket (4 May)
KKDNRHR5J,Regular 1-Day Ticket (4 May)
6CX3NWM72,Regular 1-Day Ticket (4 May)
5AG3LKAKN,Regular 1-Day Ticket (4 May)
ZCD72X9CG,Regular 1-Day Ticket (4 May)
DUZPYZ57V,Regular 1-Day Ticket (4 May)
G7YGTYPGY,Regular 1-Day Ticket (4 May)
T4LCPXWH8,Regular 1-Day Ticket (4 May)
398E4V3RW,Regular 1-Day Ticket (4 May)
L7Y625Z7P,Regular 1-Day Ticket (4 May)
6PYKF459L,Regular 1-Day Ticket (4 May)
DLXMB529M,Regular 1-Day Ticket (4 May)
7ZM7FMZB9,Regular 1-Day Ticket (4 May)
6XFNDZ4EF,Regular 1-Day Ticket (4 May)
U37MFD3BR,Regular 1-Day Ticket (4 May)
6U9BV6FWH,Regular 1-Day Ticket (4 May)
AM6JY5X3Y,Regular 1-Day Ticket (4 May)
ZG4E6KWHE,Regular 1-Day Ticket (4 May)
SA7JV3T4A,Regular 1-Day Ticket (4 May)
KH7NUX4MU,Regular 1-Day Ticket (4 May)
MZCDKWKDA,Regular 1-Day Ticket (4 May)
5HZC62EWJ,Regular 1-Day Ticket (4 May)
KD88PCPCB,Regular 1-Day Ticket (4 May)
BFE4A5RAF,Regular 1-Day Ticket (4 May)
CGPSP8DJH,Regular 1-Day Ticket (4 May)
XKPZMV264,Regular 1-Day Ticket (4 May)
ACSUB887A,Regular 1-Day Ticket (4 May)
N83V44XGM,Regular 1-Day Ticket (4 May)
JM5KDPJ8H,Regular 1-Day Ticket (4 May)
L7MFYBFDJ,Regular 1-Day Ticket (4 May)
SGZ3Y9479,Regular 1-Day Ticket (4 May)
UJH8AP4HK,Regular 1-Day Ticket (4 May)
LXJR22FJG,Regular 1-Day Ticket (4 May)
ALURAGF5T,Regular 1-Day Ticket (4 May)
F8V7F4PAL,Regular 1-Day Ticket (4 May)
AJ48PNL33,Regular 1-Day Ticket (4 May)
M7WYC2UNJ,Regular 1-Day Ticket (4 May)
CZB8R45HR,Regular 1-Day Ticket (4 May)
UTRTTWXFZ,Regular 1-Day Ticket (4 May)
9YFYSLHWN,Regular 1-Day Ticket (4 May)
THM556TSA,Regular 1-Day Ticket (4 May)
BPELZBUG3,Regular 1-Day Ticket (4 May)
9BDWXLL8A,Regular 1-Day Ticket (4 May)
998CJPXF4,Regular 1-Day Ticket (4 May)
M8FXS86FG,Regular 1-Day Ticket (4 May)
83GBMVKPR,Regular 1-Day Ticket (4 May)
VMNUECTF2,Regular 1-Day Ticket (4 May)
GKSA6E2BY,Regular 1-Day Ticket (4 May)
MXLPL8PS7,Regular 1-Day Ticket (4 May)
WK9MMVAD4,Regular 1-Day Ticket (4 May)
S89YRRS48,Regular 1-Day Ticket (4 May)
ET6RA8A9M,Regular 1-Day Ticket (4 May)
6RPJNYU65,Regular 1-Day Ticket (4 May)
GPZS7YKUD,Regular 1-Day Ticket (4 May)
C4EZH48GK,Regular 1-Day Ticket (4 May)
UVYJ3D943,Regular 1-Day Ticket (4 May)
V4ANPK3E7,Regular 1-Day Ticket (4 May)
UHHCWLEX9,Regular 1-Day Ticket (4 May)
ANBYLJ3AM,Regular 1-Day Ticket (4 May)
XTR4TZLW4,Regular 1-Day Ticket (4 May)
UZNWPBU6A,Regular 1-Day Ticket (4 May)
RFCR6PLDB,Regular 1-Day Ticket (4 May)
KXY9JTDRG,Regular 1-Day Ticket (4 May)
T8CHABRWU,Regular 1-Day Ticket (4 May)
8DTJA9ELB,Regular 1-Day Ticket (4 May)
XCFFMTM5F,Regular 1-Day Ticket (4 May)
9P8L8LSA4,Regular 1-Day Ticket (4 May)
VE2S35WEN,Regular 1-Day Ticket (4 May)
L9N6V3DUR,Regular 1-Day Ticket (4 May)
3K888RM6F,Regular 1-Day Ticket (4 May)
CW2K8DZFZ,Regular 1-Day Ticket (4 May)
8KYYY22NH,Regular 1-Day Ticket (4 May)
CBPJMLUCA,Regular 1-Day Ticket (4 May)
2WGD7RESX,Regular 1-Day Ticket (4 May)
FLCK2FNXM,Regular 1-Day Ticket (4 May)
LJ8MXR7E4,Regular 1-Day Ticket (4 May)
KHA2DZD2V,Regular 1-Day Ticket (4 May)
EXWXUNPR5,Regular 1-Day Ticket (4 May)
65AFKN2YM,Regular 1-Day Ticket (4 May)
U5WNJVC8N,Regular 1-Day Ticket (4 May)
95WMEG6R8,Regular 1-Day Ticket (4 May)
2SHP2B6AL,Regular 1-Day Ticket (4 May)
E37VTS9BG,Regular 1-Day Ticket (4 May)
TS9E6J3J4,Regular 1-Day Ticket (4 May)
P9KXHZLPF,Regular 1-Day Ticket (4 May)
L46S35PUE,Regular 1-Day Ticket (4 May)
VUTCB6E5N,Regular 1-Day Ticket (4 May)
23MMHSMU7,Regular 1-Day Ticket (4 May)
ACBD8SE8R,Regular 1-Day Ticket (4 May)
Y7SWXRFJF,Regular 1-Day Ticket (4 May)
RMTG3LTHK,Regular 1-Day Ticket (4 May)
92J7B78UJ,Regular 1-Day Ticket (4 May)
SY9NB43KB,Regular 1-Day Ticket (4 May)
NLW2G47JN,Regular 1-Day Ticket (4 May)
VY5U8ZT6D,Regular 1-Day Ticket (4 May)
77U5C3MNT,Regular 1-Day Ticket (4 May)
JZ9WYT4PW,Regular 1-Day Ticket (4 May)
J79U2VALV,Regular 1-Day Ticket (4 May)
VUWH22UFY,Regular 1-Day Ticket (4 May)
8A6S5JK6J,Regular 1-Day Ticket (4 May)
KMHXXWDG2,Regular 1-Day Ticket (4 May)
WJZZ7JG7Y,Regular 1-Day Ticket (4 May)
XHALBSXLJ,Regular 1-Day Ticket (4 May)
FBMGXP94V,Regular 1-Day Ticket (4 May)
M5NZMZ78D,Regular 1-Day Ticket (4 May)
BUSXPH53K,Regular 1-Day Ticket (4 May)
2YTFL2SBM,Regular 1-Day Ticket (4 May)
Z85GWEEYT,Regular 1-Day Ticket (4 May)
TZBBBJ2AV,Regular 1-Day Ticket (4 May)
PWY2H7K82,Regular 1-Day Ticket (4 May)
LS5NGRZ6T,Regular 1-Day Ticket (4 May)
BB85D3CHS,Regular 1-Day Ticket (4 May)
VLLF2CGGB,Regular 1-Day Ticket (4 May)
BLV97SGFF,Regular 1-Day Ticket (4 May)
NY4LM35MJ,Regular 1-Day Ticket (4 May)
Z2CVJYKTT,Regular 1-Day Ticket (4 May)
BJ8EBK6XY,Regular 1-Day Ticket (4 May)
TFABCX8BN,Regular 1-Day Ticket (4 May)
5JT7S2GYS,Regular 1-Day Ticket (4 May)
8XCLZBJV4,Regular 1-Day Ticket (4 May)
JEH6XBDE4,Regular 1-Day Ticket (4 May)
WU8PFC47M,Regular 1-Day Ticket (4 May)
86ZLYXJ6H,Regular 1-Day Ticket (4 May)
9LZUNSC99,Regular 1-Day Ticket (4 May)
892RHEAKM,Regular 1-Day Ticket (4 May)
MF4XSVKBF,Regular 1-Day Ticket (4 May)
JRMW6XME6,Regular 1-Day Ticket (4 May)
JWZ5D8G6M,Regular 1-Day Ticket (4 May)
4VMP7LB9S,Regular 1-Day Ticket (4 May)
92MLP6WGG,Regular 1-Day Ticket (4 May)
XH2BW9237,Regular 1-Day Ticket (4 May)
2WWMRBBZJ,Regular 1-Day Ticket (4 May)
R3SAXGWSP,Regular 1-Day Ticket (4 May)
62XDLJXSY,Regular 1-Day Ticket (4 May)
KLHC86942,Regular 1-Day Ticket (4 May)
4RKBW5RPR,Regular 1-Day Ticket (4 May)
Z2V5UAXZY,Regular 1-Day Ticket (4 May)
4XTM6KAKN,Regular 1-Day Ticket (4 May)
NNXUR5KGA,Regular 1-Day Ticket (4 May)
53WEFDXUW,Regular 1-Day Ticket (4 May)
A7GFK9NX2,Regular 1-Day Ticket (4 May)
2HMRFGL2N,Regular 1-Day Ticket (4 May)
NHPWJYLGC,Regular 1-Day Ticket (4 May)
XR9L87CFB,Regular 1-Day Ticket (4 May)
4P7BDRW3B,Regular 1-Day Ticket (4 May)
PHPLNBP8F,Regular 1-Day Ticket (4 May)
9LMWAPTF7,Regular 1-Day Ticket (4 May)
7XYAGYLVK,Regular 1-Day Ticket (4 May)
JPAJGB452,Regular 1-Day Ticket (4 May)
JTVGW39PD,Regular 1-Day Ticket (4 May)
NSYGX4S6U,Regular 1-Day Ticket (4 May)
P9HDDSERR,Regular 1-Day Ticket (4 May)
2DE99ZK6U,Regular 1-Day Ticket (4 May)
F2CDV27MF,Regular 1-Day Ticket (4 May)
RXHFZCFGT,Regular 1-Day Ticket (4 May)
SAZCZ25LM,Regular 1-Day Ticket (4 May)
LDZ4HJSEM,Regular 1-Day Ticket (4 May)
8LENPTKLK,Regular 1-Day Ticket (4 May)
BRBT9ASE5,Regular 1-Day Ticket (4 May)
LY6S8XVJ7,Regular 1-Day Ticket (4 May)
7X4CKH728,Regular 1-Day Ticket (4 May)
H3M8275YX,Regular 1-Day Ticket (4 May)
ZTZ6JZR7D,Regular 1-Day Ticket (4 May)
PE2ZUTBUL,Regular 1-Day Ticket (4 May)
N3PKG89W9,Regular 1-Day Ticket (4 May)
GJZV9R6KZ,Regular 1-Day Ticket (4 May)
9Z5AVPGXD,Regular 1-Day Ticket (4 May)
GD7BKUFHW,Regular 1-Day Ticket (4 May)
2S2T4VRCH,Regular 1-Day Ticket (4 May)
7DPCNXNR3,Regular 1-Day Ticket (4 May)
98J577Z2T,Regular 1-Day Ticket (4 May)
8B5DJLLAF,Regular 1-Day Ticket (4 May)
MU43RFDG8,Regular 1-Day Ticket (4 May)
L3EPRWHED,Regular 1-Day Ticket (4 May)
SNNN3MNBE,Regular 1-Day Ticket (4 May)
DVJWTNZZP,Regular 1-Day Ticket (4 May)
XTU835SEJ,Regular 1-Day Ticket (4 May)
4BX37DH7S,Regular 1-Day Ticket (4 May)
C7JPHRCS9,Regular 1-Day Ticket (4 May)
29UBM9WZJ,Regular 1-Day Ticket (4 May)
P5C39LK4G,Regular 1-Day Ticket (4 May)
ZH3CJJ7XX,Regular 1-Day Ticket (4 May)
SEF36ZGGW,Regular 1-Day Ticket (4 May)
XGASHB9WK,Regular 1-Day Ticket (4 May)
RNZ6WJWKT,Regular 1-Day Ticket (4 May)
442PMYZE5,Regular 1-Day Ticket (4 May)
4KPV5ZDWP,Regular 1-Day Ticket (4 May)
H8M9BKMNA,Regular 1-Day Ticket (4 May)
58P5TCLGT,Regular 1-Day Ticket (4 May)
6FL2N59AR,Regular 1-Day Ticket (4 May)
HGD44DFWR,Regular 1-Day Ticket (4 May)
VF3JFCWJ5,Regular 1-Day Ticket (4 May)
7G74UUJU6,Regular 1-Day Ticket (4 May)
AJ8R3ZU9S,Regular 1-Day Ticket (4 May)
VTE2NSHS9,Regular 1-Day Ticket (4 May)
9FVRWGUC4,Regular 1-Day Ticket (4 May)
E8EALVW53,Regular 1-Day Ticket (4 May)
YC5WEAXHV,Regular 1-Day Ticket (4 May)
3DV5DKNRC,Regular 1-Day Ticket (4 May)
W7KDEBDAD,Regular 1-Day Ticket (4 May)
7ZXJZEYED,Regular 1-Day Ticket (4 May)
Y4YTAJLF2,Regular 1-Day Ticket (4 May)
HKP2JWFMD,Regular 1-Day Ticket (4 May)
KZWMR7G94,Regular 1-Day Ticket (4 May)
3RK66ZMHZ,Regular 1-Day Ticket (4 May)
H7WDRXUE4,Regular 1-Day Ticket (4 May)
7XS9EENJP,Regular 1-Day Ticket (4 May)
8NXUSSMN3,Regular 1-Day Ticket (4 May)
P7RURAY2P,Regular 1-Day Ticket (4 May)
JSJ3CCNYB,Regular 1-Day Ticket (4 May)
GZ2SU9FBC,Regular 1-Day Ticket (4 May)
MNL2LMVPR,Regular 1-Day Ticket (4 May)
ENH7PKXWR,Regular 1-Day Ticket (4 May)
WJVMGAWW2,Regular 1-Day Ticket (4 May)
WMRR4693D,Regular 1-Day Ticket (4 May)
R5HNGBFWS,Regular 1-Day Ticket (4 May)
E42LAVYL4,Regular 1-Day Ticket (4 May)
KMWF592BW,Regular 1-Day Ticket (4 May)
J8AS7NGXA,Regular 1-Day Ticket (4 May)
XSZ8NT6SJ,Regular 1-Day Ticket (4 May)
UZ6TZVSB3,Regular 1-Day Ticket (4 May)
R7JXN2ZV3,Regular 1-Day Ticket (4 May)
N4YEAYHJD,Regular 1-Day Ticket (4 May)
6CK83YPH7,Regular 1-Day Ticket (4 May)
KFRN9N3YE,Regular 1-Day Ticket (4 May)
E6ZJ2EV7X,Regular 1-Day Ticket (4 May)
UXS9JZZ9U,Regular 1-Day Ticket (4 May)
3DJVYPE6N,Regular 1-Day Ticket (4 May)
XYVMRZZHM,Regular 1-Day Ticket (4 May)
4YMDMVKLJ,Regular 1-Day Ticket (4 May)
EMVARKKXU,Regular 1-Day Ticket (4 May)
42Y7SNCSJ,Regular 1-Day Ticket (4 May)
NV2T558MS,Regular 1-Day Ticket (4 May)
TX3ZAE3P7,Regular 1-Day Ticket (4 May)
JMSKVR8M9,Regular 1-Day Ticket (4 May)
KRNP82YJN,Regular 1-Day Ticket (4 May)
T7JGBK5GN,Regular 1-Day Ticket (4 May)
ZU5Y5LN7G,Regular 1-Day Ticket (4 May)
FBT37J69M,Regular 1-Day Ticket (4 May)
N5ETR79YR,Regular 1-Day Ticket (4 May)
E56AA7KM6,Regular 1-Day Ticket (4 May)
E4CA9C9XY,Regular 1-Day Ticket (4 May)
6UGUUKH6Z,Regular 1-Day Ticket (4 May)
5LJ9PWJSU,Regular 1-Day Ticket (4 May)
29HX9SUFN,Regular 1-Day Ticket (4 May)
STX9G968M,Regular 1-Day Ticket (4 May)
W82CMPHGF,Regular 1-Day Ticket (4 May)
PCETGZYMT,Regular 1-Day Ticket (4 May)
X4GG9FVCD,Regular 1-Day Ticket (4 May)
RVPCDR57A,Regular 1-Day Ticket (4 May)
K8FYRTTHB,Regular 1-Day Ticket (4 May)
A2EV5WMSN,Regular 1-Day Ticket (4 May)
Z55EMGD2U,Regular 1-Day Ticket (4 May)
VDMBRKTSP,Regular 1-Day Ticket (4 May)
TEGUKBVZG,Regular 1-Day Ticket (4 May)
JNTLU5NPP,Regular 1-Day Ticket (4 May)
PKUB8DG4T,Regular 1-Day Ticket (4 May)
K5RXPU58D,Regular 1-Day Ticket (4 May)
8HCPEFXJF,Regular 1-Day Ticket (4 May)
BZ5SZLTPZ,Regular 1-Day Ticket (4 May)
RRVJ5DWW8,Regular 1-Day Ticket (4 May)
5STMTS5YC,Regular 1-Day Ticket (4 May)
EBH9ZF58R,Regular 1-Day Ticket (4 May)
42KGB5JYR,Regular 1-Day Ticket (4 May)
V4X8X369H,Regular 1-Day Ticket (4 May)
H5YBZC55J,Regular 1-Day Ticket (4 May)
FS3SX4MBW,Regular 1-Day Ticket (4 May)
447S493D8,Regular 1-Day Ticket (4 May)
YZZTDVUFP,Regular 1-Day Ticket (4 May)
7DPDNBW3R,Regular 1-Day Ticket (4 May)
G6RFCF88U,Regular 1-Day Ticket (4 May)
U8EFRAG9N,Regular 1-Day Ticket (4 May)
DGACSCM6D,Regular 1-Day Ticket (4 May)
PK8UEBGVF,Regular 1-Day Ticket (4 May)
2UFNV995S,Regular 1-Day Ticket (4 May)
BWGWRHC7U,Regular 1-Day Ticket (4 May)
PNFFW7M7R,Regular 1-Day Ticket (4 May)
PAHVAUZTY,Regular 1-Day Ticket (4 May)
KLYBDJPJJ,Regular 1-Day Ticket (4 May)
GTFHN68GM,Regular 1-Day Ticket (4 May)
X4DVR9NDX,Regular 1-Day Ticket (4 May)
UBE3F5SN8,Regular 1-Day Ticket (4 May)
A28MM6DND,Regular 1-Day Ticket (4 May)
EHMUR4KR3,Regular 1-Day Ticket (4 May)
6STC9N84Z,Regular 1-Day Ticket (4 May)
9ZVZ97HH9,Regular 1-Day Ticket (4 May)
6H29NCWGW,Regular 1-Day Ticket (4 May)
7JCVNG89H,Regular 1-Day Ticket (4 May)
94XHHSGVZ,Regular 1-Day Ticket (4 May)
MA9XDTUMC,Regular 1-Day Ticket (4 May)
56EXE2ZAK,Regular 1-Day Ticket (4 May)
KJJCBJ78V,Regular 1-Day Ticket (4 May)
6SPFNR3UG,Regular 1-Day Ticket (4 May)
8PZWYHLMZ,Regular 1-Day Ticket (4 May)
WL44LVBSV,Regular 1-Day Ticket (4 May)
7C684HH4Z,Regular 1-Day Ticket (4 May)
DXKUGKTMU,Regular 1-Day Ticket (4 May)
SAKCRFW8L,Regular 1-Day Ticket (4 May)
59JMNEG9P,Regular 1-Day Ticket (4 May)
WE6LMKHHJ,Regular 1-Day Ticket (4 May)
KEKKT82S6,Regular 1-Day Ticket (4 May)
45Y5V3B3X,Regular 1-Day Ticket (4 May)
SJSX88B5N,Regular 1-Day Ticket (4 May)
3LTLXJGEH,Regular 1-Day Ticket (4 May)
ZCEFNZ8PT,Regular 1-Day Ticket (4 May)
AUJFGS88X,Regular 1-Day Ticket (4 May)
VAGMAFXWN,Regular 1-Day Ticket (4 May)
U79MBREUB,Regular 1-Day Ticket (4 May)
LZLY7HDP6,Regular 1-Day Ticket (4 May)
2SP3U89HM,Regular 1-Day Ticket (4 May)
CYZL86GR4,Regular 1-Day Ticket (4 May)
KJ5HWCJU2,Regular 1-Day Ticket (4 May)
YFAZ2JDZ2,Regular 1-Day Ticket (4 May)
DNVRBB588,Regular 1-Day Ticket (4 May)
CTZY6J4FA,Regular 1-Day Ticket (4 May)
5V6PC73ZL,Regular 1-Day Ticket (4 May)
ZFYZSZDLW,Regular 1-Day Ticket (4 May)
WR94GMMTY,Regular 1-Day Ticket (4 May)
BA28JPHYF,Regular 1-Day Ticket (4 May)
YREKWG3YS,Regular 1-Day Ticket (4 May)
72VM2MDZJ,Regular 1-Day Ticket (4 May)
GXNE52DR2,Regular 1-Day Ticket (4 May)
K3ULN42WS,Regular 1-Day Ticket (4 May)
2FWPERDZS,Regular 1-Day Ticket (4 May)
VH5HZEUHR,Regular 1-Day Ticket (4 May)
9AFTYHW43,Regular 1-Day Ticket (4 May)
UDU8GU9AW,Regular 1-Day Ticket (4 May)
9AT5FAJE6,Regular 1-Day Ticket (4 May)
7N86V9S6X,Regular 1-Day Ticket (4 May)
ZFN3CNEHG,Regular 1-Day Ticket (4 May)
59LPUM5J8,Regular 1-Day Ticket (4 May)
S2YCXLU59,Regular 1-Day Ticket (4 May)
3UM979PJ3,Regular 1-Day Ticket (4 May)
BJRV5U97X,Regular 1-Day Ticket (4 May)
BPMHRFWPX,Regular 1-Day Ticket (4 May)
9WX5JY3J3,Regular 1-Day Ticket (4 May)
XGKMVR77L,Regular 1-Day Ticket (4 May)
KUF8DL8E9,Regular 1-Day Ticket (4 May)
HHNU8MDCU,Regular 1-Day Ticket (4 May)
CGSVEJ63C,Regular 1-Day Ticket (4 May)
FK5P9CPLA,Regular 1-Day Ticket (4 May)
HKJGKW74B,Regular 1-Day Ticket (4 May)
PZ76KRN35,Regular 1-Day Ticket (4 May)
EEZDGPHYZ,Regular 1-Day Ticket (4 May)
L47WHNMGW,Regular 1-Day Ticket (4 May)
6G4UPJDBC,Regular 1-Day Ticket (4 May)
CTGHREUNS,Regular 1-Day Ticket (4 May)
XLG3V8B53,Regular 1-Day Ticket (4 May)
G26UWV895,Regular 1-Day Ticket (4 May)
J2SZZRRR4,Regular 1-Day Ticket (4 May)
GHJR3ULHJ,Regular 1-Day Ticket (4 May)
ZBXY3CP8X,Regular 1-Day Ticket (4 May)
BMLDBUK8E,Regular 1-Day Ticket (4 May)
FMVHMX4MA,Regular 1-Day Ticket (4 May)
RATJFDN9Z,Regular 1-Day Ticket (4 May)
4D2B22PJH,Regular 1-Day Ticket (4 May)
XDMMJP9LG,Regular 1-Day Ticket (4 May)
E9NECSLHT,Regular 1-Day Ticket (4 May)
KCMWWSMKL,Regular 1-Day Ticket (4 May)
PFEUYMN6T,Regular 1-Day Ticket (4 May)
MYV7DZUVJ,Regular 1-Day Ticket (4 May)
ME2TA46PA,Regular 1-Day Ticket (4 May)
KJHVWC7LK,Regular 1-Day Ticket (4 May)
EVJPN2HT7,Regular 1-Day Ticket (4 May)
ESUELF2DS,Regular 1-Day Ticket (4 May)
6FUMSU44Z,Regular 1-Day Ticket (4 May)
EWMBPZ6UR,Regular 1-Day Ticket (4 May)
NES2M3ZUX,Regular 1-Day Ticket (4 May)
F76V5XNBE,Regular 1-Day Ticket (4 May)
SVHE64NGL,Regular 1-Day Ticket (4 May)
BKG2DAJH4,Regular 1-Day Ticket (4 May)
BGM8VPEGW,Regular 1-Day Ticket (4 May)
CWCCY24BK,Regular 1-Day Ticket (4 May)
U75J8JKL5,Regular 1-Day Ticket (4 May)
BVHHW9UFT,Regular 1-Day Ticket (4 May)
XG7L8BR9T,Regular 1-Day Ticket (4 May)
9XALAP6CZ,Regular 1-Day Ticket (4 May)
Z8VDTT73T,Regular 1-Day Ticket (4 May)
C3YL9AGSX,Regular 1-Day Ticket (4 May)
REDTXEDPP,Regular 1-Day Ticket (4 May)
3S32Y2UWC,Regular 1-Day Ticket (4 May)
E6RFAKEFZ,Regular 1-Day Ticket (4 May)
ZHUY33452,Regular 1-Day Ticket (4 May)
VYUHD8YAE,Regular 1-Day Ticket (4 May)
VRP9AGCDJ,Regular 1-Day Ticket (4 May)
G6RWK5LSE,Regular 1-Day Ticket (4 May)
ZYL6BT887,Regular 1-Day Ticket (4 May)
5RV7L4LHA,Regular 1-Day Ticket (4 May)
C947U8TMP,Regular 1-Day Ticket (4 May)
2NJKEWGJ2,Regular 1-Day Ticket (4 May)
KNDL5LC9F,Regular 1-Day Ticket (4 May)
D3XJD4XPX,Regular 1-Day Ticket (4 May)
FRCLN3BGH,Regular 1-Day Ticket (4 May)
5PEJ83599,Regular 1-Day Ticket (4 May)
AXSCXEESV,Regular 1-Day Ticket (4 May)
VZBEELNLM,Regular 1-Day Ticket (4 May)
F2FVPT8BR,Regular 1-Day Ticket (4 May)
V6XFKH4AW,Regular 1-Day Ticket (4 May)
VH29TSEAB,Regular 1-Day Ticket (4 May)
A7FGNYZEJ,Regular 1-Day Ticket (4 May)
Z6UGNSNR2,Regular 1-Day Ticket (4 May)
7NZL84KN9,Regular 1-Day Ticket (4 May)
U2ZHZ2TD7,Regular 1-Day Ticket (4 May)
99AMEH8VH,Regular 1-Day Ticket (4 May)
C4GS5Z954,Regular 1-Day Ticket (4 May)
