X929RDVXK,Regular 1-Day Ticket (4 May)
XJC9TEDB9,Regular 1-Day Ticket (4 May)
MXACC5D4V,Regular 1-Day Ticket (4 May)
WEVB93HWB,Regular 1-Day Ticket (4 May)
C2BAG6A2R,Regular 1-Day Ticket (4 May)
M3BKBGVXT,Regular 1-Day Ticket (4 May)
PP9WH2WC5,Regular 1-Day Ticket (4 May)
G9RRJBWUT,Regular 1-Day Ticket (4 May)
JGZ899Z9R,Regular 1-Day Ticket (4 May)
SW7LNHMBF,Regular 1-Day Ticket (4 May)
TFZZF9EE6,Regular 1-Day Ticket (4 May)
MLEDVJHFE,Regular 1-Day Ticket (4 May)
FC9DG6N53,Regular 1-Day Ticket (4 May)
C5Z9AJH4Z,Regular 1-Day Ticket (4 May)
DX2YHNLGS,Regular 1-Day Ticket (4 May)
FDVBAZBMS,Regular 1-Day Ticket (4 May)
DZDJTXEFA,Regular 1-Day Ticket (4 May)
57Z86KBUY,Regular 1-Day Ticket (4 May)
SMV2HF6YU,Regular 1-Day Ticket (4 May)
687DRD88E,Regular 1-Day Ticket (4 May)
5RJZS9NJ5,Regular 1-Day Ticket (4 May)
7CANEW6Z8,Regular 1-Day Ticket (4 May)
DT2VGAR29,Regular 1-Day Ticket (4 May)
PZHGUG83T,Regular 1-Day Ticket (4 May)
3VF5SMKXH,Regular 1-Day Ticket (4 May)
PUZK54C6W,Regular 1-Day Ticket (4 May)
F6L7F3VCS,Regular 1-Day Ticket (4 May)
88VJNJMY8,Regular 1-Day Ticket (4 May)
SF83BS3SF,Regular 1-Day Ticket (4 May)
MNT6K7ZZH,Regular 1-Day Ticket (4 May)
FP437HPHW,Regular 1-Day Ticket (4 May)
LTAY2ZU56,Regular 1-Day Ticket (4 May)
KCXBJYSPJ,Regular 1-Day Ticket (4 May)
K2PHPKPJG,Regular 1-Day Ticket (4 May)
53HD4M49G,Regular 1-Day Ticket (4 May)
F6A27GGWB,Regular 1-Day Ticket (4 May)
DUY46857R,Regular 1-Day Ticket (4 May)
MP7BNC42C,Regular 1-Day Ticket (4 May)
XCPAGL2DK,Regular 1-Day Ticket (4 May)
KUNN72SJG,Regular 1-Day Ticket (4 May)
HMZ5565E2,Regular 1-Day Ticket (4 May)
4BF67TZGJ,Regular 1-Day Ticket (4 May)
V255VRSRE,Regular 1-Day Ticket (4 May)
FSYFBTK3U,Regular 1-Day Ticket (4 May)
NNSJ6TNPG,Regular 1-Day Ticket (4 May)
WA2AUPV8H,Regular 1-Day Ticket (4 May)
EA329P3CG,Regular 1-Day Ticket (4 May)
KYMMUUJV5,Regular 1-Day Ticket (4 May)
2ZU3R93VW,Regular 1-Day Ticket (4 May)
YGCA3BRBL,Regular 1-Day Ticket (4 May)
DYU4LGZ9X,Regular 1-Day Ticket (4 May)
XLG7VYB9J,Regular 1-Day Ticket (4 May)
WZWPLWLF5,Regular 1-Day Ticket (4 May)
D2PUPHH46,Regular 1-Day Ticket (4 May)
JKZ9C92PT,Regular 1-Day Ticket (4 May)
BTVXRAYH7,Regular 1-Day Ticket (4 May)
6TFAVKSYZ,Regular 1-Day Ticket (4 May)
EYBP3TK98,Regular 1-Day Ticket (4 May)
G5H5JZZC2,Regular 1-Day Ticket (4 May)
GDY8XUZJ3,Regular 1-Day Ticket (4 May)
EC5NUZWDT,Regular 1-Day Ticket (4 May)
JDZESPNNA,Regular 1-Day Ticket (4 May)
8P4ZUR2HR,Regular 1-Day Ticket (4 May)
AZDAR7RU4,Regular 1-Day Ticket (4 May)
N2M8CYCX5,Regular 1-Day Ticket (4 May)
T773ASTTA,Regular 1-Day Ticket (4 May)
MJGYXZ7AL,Regular 1-Day Ticket (4 May)
NFUF5J2MB,Regular 1-Day Ticket (4 May)
G6GYKJWGF,Regular 1-Day Ticket (4 May)
RK65ANDJW,Regular 1-Day Ticket (4 May)
EPE2ML5TF,Regular 1-Day Ticket (4 May)
CRCCTGMB8,Regular 1-Day Ticket (4 May)
B3RUS9EAU,Regular 1-Day Ticket (4 May)
J4VSXJ2NC,Regular 1-Day Ticket (4 May)
JTUWRY6DT,Regular 1-Day Ticket (4 May)
UY99G3A9Z,Regular 1-Day Ticket (4 May)
S6LR5ZAHW,Regular 1-Day Ticket (4 May)
WBYMGN7U8,Regular 1-Day Ticket (4 May)
7JWPPSD6D,Regular 1-Day Ticket (4 May)
T3U8XUWEW,Regular 1-Day Ticket (4 May)
TTHDUHLRG,Regular 1-Day Ticket (4 May)
7UTPE357Y,Regular 1-Day Ticket (4 May)
4ZHYE2SKB,Regular 1-Day Ticket (4 May)
YTS9XY9KU,Regular 1-Day Ticket (4 May)
X87S7HCHJ,Regular 1-Day Ticket (4 May)
6SAW6MWGU,Regular 1-Day Ticket (4 May)
K3UBLDXUB,Regular 1-Day Ticket (4 May)
UKE6SNXSS,Regular 1-Day Ticket (4 May)
U9MFAVWH4,Regular 1-Day Ticket (4 May)
CF8DLYC55,Regular 1-Day Ticket (4 May)
YW9FFZX8R,Regular 1-Day Ticket (4 May)
FFHS2RXX7,Regular 1-Day Ticket (4 May)
AK4BUSW4V,Regular 1-Day Ticket (4 May)
KFJY5Z7NE,Regular 1-Day Ticket (4 May)
6PNPU7RFV,Regular 1-Day Ticket (4 May)
VS5TPW4UB,Regular 1-Day Ticket (4 May)
US7KN8XUG,Regular 1-Day Ticket (4 May)
V6N6C455L,Regular 1-Day Ticket (4 May)
J57XWHFXH,Regular 1-Day Ticket (4 May)
YKL68Y4LE,Regular 1-Day Ticket (4 May)
