6PGV9KYDL,Regular 1-Day Ticket (5 May)
89B475YSR,Regular 1-Day Ticket (5 May)
ZJRR3B3D5,Regular 1-Day Ticket (5 May)
XLAPBW5KR,Regular 1-Day Ticket (5 May)
H45WGEK9R,Regular 1-Day Ticket (5 May)
5PSCGBP5Y,Regular 1-Day Ticket (5 May)
3YJN24MT3,Regular 1-Day Ticket (5 May)
U3SWLFFMT,Regular 1-Day Ticket (5 May)
KFUVLS7XE,Regular 1-Day Ticket (5 May)
DA39FG2RD,Regular 1-Day Ticket (5 May)
VU5WNMU2X,Regular 1-Day Ticket (5 May)
CT3LYETSU,Regular 1-Day Ticket (5 May)
L6TBFYMXP,Regular 1-Day Ticket (5 May)
WKC2HM569,Regular 1-Day Ticket (5 May)
5MZRG47VW,Regular 1-Day Ticket (5 May)
XUJXRGJ67,Regular 1-Day Ticket (5 May)
3RDDM2XKC,Regular 1-Day Ticket (5 May)
74BPML8FL,Regular 1-Day Ticket (5 May)
U55AJE238,Regular 1-Day Ticket (5 May)
ZVAC4KW54,Regular 1-Day Ticket (5 May)
J9TNG3ARN,Regular 1-Day Ticket (5 May)
PZC9NKBZG,Regular 1-Day Ticket (5 May)
EK6SL8G7B,Regular 1-Day Ticket (5 May)
KZVGN7928,Regular 1-Day Ticket (5 May)
5AB7KHFP3,Regular 1-Day Ticket (5 May)
M82W92RDY,Regular 1-Day Ticket (5 May)
RD7V9DJJZ,Regular 1-Day Ticket (5 May)
6YKTVLTLL,Regular 1-Day Ticket (5 May)
XYUPK7NF2,Regular 1-Day Ticket (5 May)
LSNTZDH57,Regular 1-Day Ticket (5 May)
GE2F3FWYJ,Regular 1-Day Ticket (5 May)
XMJ7T9EJH,Regular 1-Day Ticket (5 May)
JMX6HPVPG,Regular 1-Day Ticket (5 May)
AAP84XT3T,Regular 1-Day Ticket (5 May)
SMAGA4B72,Regular 1-Day Ticket (5 May)
783YUACUS,Regular 1-Day Ticket (5 May)
HY7EZ4RL2,Regular 1-Day Ticket (5 May)
DXWU9L4NS,Regular 1-Day Ticket (5 May)
RRAAWVDHM,Regular 1-Day Ticket (5 May)
LXRBGFPBL,Regular 1-Day Ticket (5 May)
TDSEJ7D8G,Regular 1-Day Ticket (5 May)
V5B5XGGZN,Regular 1-Day Ticket (5 May)
TAX7XV57M,Regular 1-Day Ticket (5 May)
VLRCV2MDE,Regular 1-Day Ticket (5 May)
2CD2Y4K9Y,Regular 1-Day Ticket (5 May)
YSP4C3J9N,Regular 1-Day Ticket (5 May)
D5NWGJM6R,Regular 1-Day Ticket (5 May)
2MZV7TBZ5,Regular 1-Day Ticket (5 May)
H9YTGEEUT,Regular 1-Day Ticket (5 May)
JRH5F9AK6,Regular 1-Day Ticket (5 May)
6TY8VUDDJ,Regular 1-Day Ticket (5 May)
546L979LW,Regular 1-Day Ticket (5 May)
FAL2BYF4D,Regular 1-Day Ticket (5 May)
6M5YZ8VXX,Regular 1-Day Ticket (5 May)
7P49LK56G,Regular 1-Day Ticket (5 May)
KG2WHA2R7,Regular 1-Day Ticket (5 May)
XCYHX7K22,Regular 1-Day Ticket (5 May)
N92C8BCSN,Regular 1-Day Ticket (5 May)
UA8J32FD7,Regular 1-Day Ticket (5 May)
F3GFMCD6N,Regular 1-Day Ticket (5 May)
ZPGW7UMWV,Regular 1-Day Ticket (5 May)
7S8EP6PPC,Regular 1-Day Ticket (5 May)
6322E9XPF,Regular 1-Day Ticket (5 May)
AUWTF7NXB,Regular 1-Day Ticket (5 May)
T5TXUNSXJ,Regular 1-Day Ticket (5 May)
B53TEYCPL,Regular 1-Day Ticket (5 May)
JEH6HBSSV,Regular 1-Day Ticket (5 May)
6TYD96AUK,Regular 1-Day Ticket (5 May)
FX2VJCVHT,Regular 1-Day Ticket (5 May)
Y73H2DRAD,Regular 1-Day Ticket (5 May)
GMMU6SHMA,Regular 1-Day Ticket (5 May)
7FY268GU9,Regular 1-Day Ticket (5 May)
GZGJWMRCL,Regular 1-Day Ticket (5 May)
YWNA8A6N2,Regular 1-Day Ticket (5 May)
CSDAU39RF,Regular 1-Day Ticket (5 May)
4N4LYNHJJ,Regular 1-Day Ticket (5 May)
RWT54JC8E,Regular 1-Day Ticket (5 May)
MP48KSTBB,Regular 1-Day Ticket (5 May)
DHNTRB93F,Regular 1-Day Ticket (5 May)
7NP94DCWN,Regular 1-Day Ticket (5 May)
ZBEYLSEEX,Regular 1-Day Ticket (5 May)
VLBGRMZM5,Regular 1-Day Ticket (5 May)
C4UXVDU4K,Regular 1-Day Ticket (5 May)
2PZZK99FA,Regular 1-Day Ticket (5 May)
Z4KGJPDNK,Regular 1-Day Ticket (5 May)
U96W3PJRG,Regular 1-Day Ticket (5 May)
UVJ98YMDF,Regular 1-Day Ticket (5 May)
FH235SWVF,Regular 1-Day Ticket (5 May)
GW9LT4UBR,Regular 1-Day Ticket (5 May)
A2FCVVCDE,Regular 1-Day Ticket (5 May)
6C3NG687K,Regular 1-Day Ticket (5 May)
36DN2GK8H,Regular 1-Day Ticket (5 May)
6B2HULEYY,Regular 1-Day Ticket (5 May)
76YKKESEW,Regular 1-Day Ticket (5 May)
KB44XDVJV,Regular 1-Day Ticket (5 May)
JDUL74GGF,Regular 1-Day Ticket (5 May)
FPLES5HCC,Regular 1-Day Ticket (5 May)
5GYJS86WL,Regular 1-Day Ticket (5 May)
YS6EJDGHM,Regular 1-Day Ticket (5 May)
9N8HEBNLW,Regular 1-Day Ticket (5 May)
